defined_class	defined_class_label	affected_entity_1_sub	affected_entity_1_sub_label	affected_entity_1_super	affected_entity_1_super_label	pato_id	pato_id_label	o	impact
http://purl.obolibrary.org/obo/MP_0013390	Meibomian gland cyst	http://purl.obolibrary.org/obo/MPATH_62	cyst	http://purl.obolibrary.org/obo/UBERON_0001818	tarsal gland	http://purl.obolibrary.org/obo/PATO_0000470	increased amount	mp	169
http://purl.obolibrary.org/obo/MP_0000731	increased collagen deposition in the muscles	http://purl.obolibrary.org/obo/GO_0005581	collagen trimer	http://purl.obolibrary.org/obo/UBERON_0001630	muscle organ	http://purl.obolibrary.org/obo/PATO_0000470	increased amount	mp	169
http://purl.obolibrary.org/obo/MP_0020903	increased middle ear goblet cell number	http://purl.obolibrary.org/obo/CL_0000160	goblet cell	http://purl.obolibrary.org/obo/UBERON_0015813	middle ear epithelium	http://purl.obolibrary.org/obo/PATO_0000470	increased amount	mp	169
http://purl.obolibrary.org/obo/MP_0005561	increased mean corpuscular hemoglobin	http://purl.obolibrary.org/obo/CHEBI_35143	hemoglobin	http://purl.obolibrary.org/obo/CL_0000595	enucleate erythrocyte	http://purl.obolibrary.org/obo/PATO_0000470	increased amount	mp	169
http://purl.obolibrary.org/obo/MP_0002461	increased immunoglobulin level	http://purl.obolibrary.org/obo/GO_0042571	immunoglobulin complex, circulating	http://purl.obolibrary.org/obo/UBERON_0000178	blood	http://purl.obolibrary.org/obo/PATO_0000470	increased amount	mp	169
http://purl.obolibrary.org/obo/MP_0009970	increased hippocampus pyramidal cell number	http://purl.obolibrary.org/obo/CL_0000598	pyramidal neuron	http://purl.obolibrary.org/obo/UBERON_0001954	Ammon's horn	http://purl.obolibrary.org/obo/PATO_0000470	increased amount	mp	169
http://purl.obolibrary.org/obo/MP_0011188	increased erythrocyte protoporphyrin level	http://purl.obolibrary.org/obo/CHEBI_8337	porphyrin	http://purl.obolibrary.org/obo/CL_0000232	erythrocyte	http://purl.obolibrary.org/obo/PATO_0000470	increased amount	mp	169
http://purl.obolibrary.org/obo/MP_0012371	increased erythrocyte potassium level	http://purl.obolibrary.org/obo/CHEBI_26216	potassium atom	http://purl.obolibrary.org/obo/CL_0000232	erythrocyte	http://purl.obolibrary.org/obo/PATO_0000470	increased amount	mp	169
http://purl.obolibrary.org/obo/MP_0008620	increased circulating interleukin-23 level	http://purl.obolibrary.org/obo/GO_0070743	interleukin-23 complex	http://purl.obolibrary.org/obo/UBERON_0000178	blood	http://purl.obolibrary.org/obo/PATO_0000470	increased amount	mp	169
http://purl.obolibrary.org/obo/MP_0009558	increased platelet ADP level	http://purl.obolibrary.org/obo/CHEBI_16761	ADP	http://purl.obolibrary.org/obo/CL_0000233	platelet	http://purl.obolibrary.org/obo/PATO_0000470	increased amount	mp	169
http://purl.obolibrary.org/obo/MP_0008617	increased circulating interleukin-12 level	http://purl.obolibrary.org/obo/GO_0043514	interleukin-12 complex	http://purl.obolibrary.org/obo/UBERON_0000178	blood	http://purl.obolibrary.org/obo/PATO_0000470	increased amount	mp	169
http://purl.obolibrary.org/obo/MP_0010090	increased circulating creatine kinase level	http://purl.obolibrary.org/obo/GO_0002185	creatine kinase complex	http://purl.obolibrary.org/obo/UBERON_0000178	blood	http://purl.obolibrary.org/obo/PATO_0000470	increased amount	mp	169
http://purl.obolibrary.org/obo/MP_0009973	increased cerebral cortex pyramidal cell number	http://purl.obolibrary.org/obo/CL_0000598	pyramidal neuron	http://purl.obolibrary.org/obo/UBERON_0000956	cerebral cortex	http://purl.obolibrary.org/obo/PATO_0000470	increased amount	mp	169
http://purl.obolibrary.org/obo/MP_0009138	increased brown fat lipid droplet number	http://purl.obolibrary.org/obo/GO_0005811	lipid droplet	http://purl.obolibrary.org/obo/UBERON_0001348	brown adipose tissue	http://purl.obolibrary.org/obo/PATO_0000470	increased amount	mp	169
http://purl.obolibrary.org/obo/MP_0000321	increased bone marrow cell number	http://purl.obolibrary.org/obo/CL_0002092	bone marrow cell	http://purl.obolibrary.org/obo/UBERON_0002371	bone marrow	http://purl.obolibrary.org/obo/PATO_0000470	increased amount	mp	169
http://purl.obolibrary.org/obo/MP_0002494	increased IgM level	http://purl.obolibrary.org/obo/GO_0071754	IgM immunoglobulin complex, circulating	http://purl.obolibrary.org/obo/UBERON_0000178	blood	http://purl.obolibrary.org/obo/PATO_0000470	increased amount	mp	169
http://purl.obolibrary.org/obo/MP_0013415	increased myeloid cell number in bone marrow	http://purl.obolibrary.org/obo/CL_0000763	myeloid cell	http://purl.obolibrary.org/obo/UBERON_0002371	bone marrow	http://purl.obolibrary.org/obo/PATO_0000470	increased amount	mp	169
http://purl.obolibrary.org/obo/MP_0009449	increased platelet ATP level	http://purl.obolibrary.org/obo/CHEBI_15422	ATP	http://purl.obolibrary.org/obo/CL_0000233	platelet	http://purl.obolibrary.org/obo/PATO_0000470	increased amount	mp	169
http://purl.obolibrary.org/obo/MP_0002497	increased IgE level	http://purl.obolibrary.org/obo/GO_0071743	IgE immunoglobulin complex, circulating	http://purl.obolibrary.org/obo/UBERON_0000178	blood	http://purl.obolibrary.org/obo/PATO_0000470	increased amount	mp	169
http://purl.obolibrary.org/obo/MP_0010416	interventricular septum membranous part aneurysm	http://purl.obolibrary.org/obo/MP_0003279	aneurysm	http://purl.obolibrary.org/obo/UBERON_0004666	interventricular septum membranous part	http://purl.obolibrary.org/obo/PATO_0000470	increased amount	mp	169
http://purl.obolibrary.org/obo/MP_0001915	intracranial hemorrhage	http://purl.obolibrary.org/obo/MPATH_119	hemorrhage and non-specified extravasation	http://purl.obolibrary.org/obo/UBERON_0003128	cranium	http://purl.obolibrary.org/obo/PATO_0000470	increased amount	mp	169
http://purl.obolibrary.org/obo/MP_0001916	intracerebral hemorrhage	http://purl.obolibrary.org/obo/MPATH_119	hemorrhage and non-specified extravasation	http://purl.obolibrary.org/obo/UBERON_0001869	cerebral hemisphere	http://purl.obolibrary.org/obo/PATO_0000470	increased amount	mp	169
http://purl.obolibrary.org/obo/MP_0003262	intestinal/bowel diverticulum	http://purl.obolibrary.org/obo/MPATH_68	diverticulum	http://purl.obolibrary.org/obo/UBERON_0000160	intestine	http://purl.obolibrary.org/obo/PATO_0000470	increased amount	mp	169
http://purl.obolibrary.org/obo/MP_0000512	intestinal ulcer	http://purl.obolibrary.org/obo/MPATH_579	ulcer	http://purl.obolibrary.org/obo/UBERON_0001242	intestinal mucosa	http://purl.obolibrary.org/obo/PATO_0000470	increased amount	mp	169
http://purl.obolibrary.org/obo/MP_0003274	intestinal microaneurysm	http://purl.obolibrary.org/obo/MPATH_97	dissecting aneurysm	http://purl.obolibrary.org/obo/UBERON_0000947	aorta	http://purl.obolibrary.org/obo/PATO_0000470	increased amount	mp	169
http://purl.obolibrary.org/obo/MP_0011748	intestinal fibrosis	http://purl.obolibrary.org/obo/MPATH_181	fibrosis	http://purl.obolibrary.org/obo/UBERON_0000160	intestine	http://purl.obolibrary.org/obo/PATO_0000470	increased amount	mp	169
http://purl.obolibrary.org/obo/MP_0001634	internal hemorrhage	http://purl.obolibrary.org/obo/MPATH_119	hemorrhage and non-specified extravasation	http://purl.obolibrary.org/obo/UBERON_0000468	multicellular organism	http://purl.obolibrary.org/obo/PATO_0000470	increased amount	mp	169
http://purl.obolibrary.org/obo/MP_0004866	increased platelet calcium level	http://purl.obolibrary.org/obo/CHEBI_22984	calcium atom	http://purl.obolibrary.org/obo/CL_0000233	platelet	http://purl.obolibrary.org/obo/PATO_0000470	increased amount	mp	169
http://purl.obolibrary.org/obo/MP_0006287	inner ear cysts	http://purl.obolibrary.org/obo/MPATH_62	cyst	http://purl.obolibrary.org/obo/UBERON_0001846	internal ear	http://purl.obolibrary.org/obo/PATO_0000470	increased amount	mp	169
http://purl.obolibrary.org/obo/MP_0008017	inguinal cysts	http://purl.obolibrary.org/obo/MPATH_62	cyst	http://purl.obolibrary.org/obo/UBERON_0003702	inguinal canal	http://purl.obolibrary.org/obo/PATO_0000470	increased amount	mp	169
http://purl.obolibrary.org/obo/MP_0002020	increased tumor incidence	http://purl.obolibrary.org/obo/MPATH_218	neoplasm	http://purl.obolibrary.org/obo/UBERON_0000468	multicellular organism	http://purl.obolibrary.org/obo/PATO_0000470	increased amount	mp	169
http://purl.obolibrary.org/obo/MP_0009338	increased splenocyte number	http://purl.obolibrary.org/obo/CL_0000000	cell	http://purl.obolibrary.org/obo/UBERON_0002106	spleen	http://purl.obolibrary.org/obo/PATO_0000470	increased amount	mp	169
http://purl.obolibrary.org/obo/MP_0011052	increased respiratory motile cilia number	http://purl.obolibrary.org/obo/GO_0031514	motile cilium	http://purl.obolibrary.org/obo/CL_0002368	respiratory epithelial cell	http://purl.obolibrary.org/obo/PATO_0000470	increased amount	mp	169
http://purl.obolibrary.org/obo/MP_0004724	increased platelet serotonin level	http://purl.obolibrary.org/obo/CHEBI_28790	serotonin	http://purl.obolibrary.org/obo/CL_0000233	platelet	http://purl.obolibrary.org/obo/PATO_0000470	increased amount	mp	169
http://purl.obolibrary.org/obo/MP_0002493	increased IgG level	http://purl.obolibrary.org/obo/GO_0071736	IgG immunoglobulin complex, circulating	http://purl.obolibrary.org/obo/UBERON_0000178	blood	http://purl.obolibrary.org/obo/PATO_0000470	increased amount	mp	169
http://purl.obolibrary.org/obo/MP_0002496	increased IgD level	http://purl.obolibrary.org/obo/GO_0071739	IgD immunoglobulin complex, circulating	http://purl.obolibrary.org/obo/UBERON_0000178	blood	http://purl.obolibrary.org/obo/PATO_0000470	increased amount	mp	169
http://purl.obolibrary.org/obo/MP_0001247	dermal cysts	http://purl.obolibrary.org/obo/MPATH_62	cyst	http://purl.obolibrary.org/obo/UBERON_0002067	dermis	http://purl.obolibrary.org/obo/PATO_0000470	increased amount	mp	169
http://purl.obolibrary.org/obo/MP_0003414	epidermal cyst	http://purl.obolibrary.org/obo/MPATH_62	cyst	http://purl.obolibrary.org/obo/UBERON_0001003	skin epidermis	http://purl.obolibrary.org/obo/PATO_0000470	increased amount	mp	169
http://purl.obolibrary.org/obo/MP_0006203	eye hemorrhage	http://purl.obolibrary.org/obo/MPATH_119	hemorrhage and non-specified extravasation	http://purl.obolibrary.org/obo/UBERON_0000019	camera-type eye	http://purl.obolibrary.org/obo/PATO_0000470	increased amount	mp	169
http://purl.obolibrary.org/obo/MP_0014158	esophagus fibrosis	http://purl.obolibrary.org/obo/MPATH_181	fibrosis	http://purl.obolibrary.org/obo/UBERON_0001043	esophagus	http://purl.obolibrary.org/obo/PATO_0000470	increased amount	mp	169
http://purl.obolibrary.org/obo/MP_0004547	esophageal ulcer	http://purl.obolibrary.org/obo/MPATH_579	ulcer	http://purl.obolibrary.org/obo/UBERON_0001043	esophagus	http://purl.obolibrary.org/obo/PATO_0000470	increased amount	mp	169
http://purl.obolibrary.org/obo/MP_0013127	epistaxis	http://purl.obolibrary.org/obo/MPATH_119	hemorrhage and non-specified extravasation	http://purl.obolibrary.org/obo/UBERON_0005384	nasal cavity epithelium	http://purl.obolibrary.org/obo/PATO_0000470	increased amount	mp	169
http://purl.obolibrary.org/obo/MP_0014188	epididymis fibrosis	http://purl.obolibrary.org/obo/MPATH_181	fibrosis	http://purl.obolibrary.org/obo/UBERON_0001301	epididymis	http://purl.obolibrary.org/obo/PATO_0000470	increased amount	mp	169
http://purl.obolibrary.org/obo/MP_0003595	epididymal cyst	http://purl.obolibrary.org/obo/MPATH_62	cyst	http://purl.obolibrary.org/obo/UBERON_0001301	epididymis	http://purl.obolibrary.org/obo/PATO_0000470	increased amount	mp	169
http://purl.obolibrary.org/obo/MP_0013399	endometrium fibrosis	http://purl.obolibrary.org/obo/MPATH_181	fibrosis	http://purl.obolibrary.org/obo/UBERON_0001295	endometrium	http://purl.obolibrary.org/obo/PATO_0000470	increased amount	mp	169
http://purl.obolibrary.org/obo/MP_0005213	gastric metaplasia	http://purl.obolibrary.org/obo/MPATH_164	gastric metaplasia	http://purl.obolibrary.org/obo/UBERON_0000945	stomach	http://purl.obolibrary.org/obo/PATO_0000470	increased amount	mp	169
http://purl.obolibrary.org/obo/MP_0001958	emphysema	http://purl.obolibrary.org/obo/MPATH_31	emphysema	http://purl.obolibrary.org/obo/UBERON_0002048	lung	http://purl.obolibrary.org/obo/PATO_0000470	increased amount	mp	169
http://purl.obolibrary.org/obo/MP_0004176	ear telangiectases	http://purl.obolibrary.org/obo/MPATH_476	telangiectasia	http://purl.obolibrary.org/obo/UBERON_0001690	ear	http://purl.obolibrary.org/obo/PATO_0000470	increased amount	mp	169
http://purl.obolibrary.org/obo/MP_0003273	duodenal ulcer	http://purl.obolibrary.org/obo/MPATH_579	ulcer	http://purl.obolibrary.org/obo/UBERON_0002114	duodenum	http://purl.obolibrary.org/obo/PATO_0000470	increased amount	mp	169
http://purl.obolibrary.org/obo/MP_0010659	abdominal aorta aneurysm	http://purl.obolibrary.org/obo/MP_0003279	aneurysm	http://purl.obolibrary.org/obo/UBERON_0001516	abdominal aorta	http://purl.obolibrary.org/obo/PATO_0000470	increased amount	mp	169
http://purl.obolibrary.org/obo/MP_0010660	descending thoracic aorta aneurysm	http://purl.obolibrary.org/obo/MP_0003279	aneurysm	http://purl.obolibrary.org/obo/UBERON_0002345	descending thoracic aorta	http://purl.obolibrary.org/obo/PATO_0000470	increased amount	mp	169
http://purl.obolibrary.org/obo/MP_0001251	dermis papillary layer hypercellularity	http://purl.obolibrary.org/obo/CL_0000000	cell	http://purl.obolibrary.org/obo/UBERON_0001992	papillary layer of dermis	http://purl.obolibrary.org/obo/PATO_0000470	increased amount	mp	169
http://purl.obolibrary.org/obo/MP_0010787	gastric cysts	http://purl.obolibrary.org/obo/MPATH_62	cyst	http://purl.obolibrary.org/obo/UBERON_0000945	stomach	http://purl.obolibrary.org/obo/PATO_0000470	increased amount	mp	169
http://purl.obolibrary.org/obo/MP_0003275	gastric microaneurysm	http://purl.obolibrary.org/obo/MPATH_90	aneurysm	http://purl.obolibrary.org/obo/UBERON_0000945	stomach	http://purl.obolibrary.org/obo/PATO_0000470	increased amount	mp	169
http://purl.obolibrary.org/obo/MP_0002495	increased IgA level	http://purl.obolibrary.org/obo/GO_0071746	IgA immunoglobulin complex, circulating	http://purl.obolibrary.org/obo/UBERON_0000178	blood	http://purl.obolibrary.org/obo/PATO_0000470	increased amount	mp	169
http://purl.obolibrary.org/obo/MP_0005245	hemarthrosis	http://purl.obolibrary.org/obo/MPATH_119	hemorrhage and non-specified extravasation	http://purl.obolibrary.org/obo/UBERON_0000982	skeletal joint	http://purl.obolibrary.org/obo/PATO_0000470	increased amount	mp	169
http://purl.obolibrary.org/obo/MP_0006053	hypothalamus hemorrhage	http://purl.obolibrary.org/obo/MPATH_119	hemorrhage and non-specified extravasation	http://purl.obolibrary.org/obo/UBERON_0001898	hypothalamus	http://purl.obolibrary.org/obo/PATO_0000470	increased amount	mp	169
http://purl.obolibrary.org/obo/MP_0009699	hyperchylomicronemia	http://purl.obolibrary.org/obo/GO_0042627	chylomicron	http://purl.obolibrary.org/obo/UBERON_0001969	blood plasma	http://purl.obolibrary.org/obo/PATO_0000470	increased amount	mp	169
http://purl.obolibrary.org/obo/MP_0002628	hepatic steatosis	http://purl.obolibrary.org/obo/MPATH_622	steatosis	http://purl.obolibrary.org/obo/UBERON_0002107	liver	http://purl.obolibrary.org/obo/PATO_0000470	increased amount	mp	169
http://purl.obolibrary.org/obo/MP_0005435	hemoperitoneum	http://purl.obolibrary.org/obo/MPATH_119	hemorrhage and non-specified extravasation	http://purl.obolibrary.org/obo/UBERON_0001179	peritoneal cavity	http://purl.obolibrary.org/obo/PATO_0000470	increased amount	mp	169
http://purl.obolibrary.org/obo/MP_0005244	hemopericardium	http://purl.obolibrary.org/obo/MPATH_119	hemorrhage and non-specified extravasation	http://purl.obolibrary.org/obo/UBERON_0002407	pericardium	http://purl.obolibrary.org/obo/PATO_0000470	increased amount	mp	169
http://purl.obolibrary.org/obo/MP_0005161	hematuria	http://purl.obolibrary.org/obo/CL_0000232	erythrocyte	http://purl.obolibrary.org/obo/UBERON_0001088	urine	http://purl.obolibrary.org/obo/PATO_0000470	increased amount	mp	169
http://purl.obolibrary.org/obo/MP_0010423	heart right ventricle aneurysm	http://purl.obolibrary.org/obo/MP_0003279	aneurysm	http://purl.obolibrary.org/obo/UBERON_0002080	heart right ventricle	http://purl.obolibrary.org/obo/PATO_0000470	increased amount	mp	169
http://purl.obolibrary.org/obo/MP_0003282	gastric ulcer	http://purl.obolibrary.org/obo/MPATH_579	ulcer	http://purl.obolibrary.org/obo/UBERON_0001199	mucosa of stomach	http://purl.obolibrary.org/obo/PATO_0000470	increased amount	mp	169
http://purl.obolibrary.org/obo/MP_0010447	heart left ventricle aneurysm	http://purl.obolibrary.org/obo/MP_0003279	aneurysm	http://purl.obolibrary.org/obo/UBERON_0002084	heart left ventricle	http://purl.obolibrary.org/obo/PATO_0000470	increased amount	mp	169
http://purl.obolibrary.org/obo/MP_0009698	heart hemorrhage	http://purl.obolibrary.org/obo/MPATH_119	hemorrhage and non-specified extravasation	http://purl.obolibrary.org/obo/UBERON_0000948	heart	http://purl.obolibrary.org/obo/PATO_0000470	increased amount	mp	169
http://purl.obolibrary.org/obo/MP_0011437	glomerulus hemorrhage	http://purl.obolibrary.org/obo/MPATH_119	hemorrhage and non-specified extravasation	http://purl.obolibrary.org/obo/UBERON_0000074	renal glomerulus	http://purl.obolibrary.org/obo/PATO_0000470	increased amount	mp	169
http://purl.obolibrary.org/obo/MP_0004245	genital hemorrhage	http://purl.obolibrary.org/obo/MPATH_119	hemorrhage and non-specified extravasation	http://purl.obolibrary.org/obo/UBERON_0003134	female reproductive organ	http://purl.obolibrary.org/obo/PATO_0000470	increased amount	mp	169
http://purl.obolibrary.org/obo/MP_0003300	gastrointestinal ulcer	http://purl.obolibrary.org/obo/MPATH_579	ulcer	http://purl.obolibrary.org/obo/UBERON_0005409	alimentary part of gastrointestinal system	http://purl.obolibrary.org/obo/PATO_0000470	increased amount	mp	169
http://purl.obolibrary.org/obo/MP_0000465	gastrointestinal hemorrhage	http://purl.obolibrary.org/obo/MPATH_119	hemorrhage and non-specified extravasation	http://purl.obolibrary.org/obo/UBERON_0005409	alimentary part of gastrointestinal system	http://purl.obolibrary.org/obo/PATO_0000470	increased amount	mp	169
http://purl.obolibrary.org/obo/MP_0001917	intraventricular hemorrhage	http://purl.obolibrary.org/obo/MPATH_119	hemorrhage and non-specified extravasation	http://purl.obolibrary.org/obo/UBERON_0004086	brain ventricle	http://purl.obolibrary.org/obo/PATO_0000470	increased amount	mp	169
http://purl.obolibrary.org/obo/MP_0030219	jaw cysts	http://purl.obolibrary.org/obo/MPATH_62	cyst	http://purl.obolibrary.org/obo/UBERON_0011595	jaw region	http://purl.obolibrary.org/obo/PATO_0000470	increased amount	mp	169
http://purl.obolibrary.org/obo/MP_0000522	kidney cortex cysts	http://purl.obolibrary.org/obo/MPATH_62	cyst	http://purl.obolibrary.org/obo/UBERON_0001225	cortex of kidney	http://purl.obolibrary.org/obo/PATO_0000470	increased amount	mp	169
http://purl.obolibrary.org/obo/MP_0006185	retinal hemorrhage	http://purl.obolibrary.org/obo/MPATH_119	hemorrhage and non-specified extravasation	http://purl.obolibrary.org/obo/UBERON_0000966	retina	http://purl.obolibrary.org/obo/PATO_0000470	increased amount	mp	169
http://purl.obolibrary.org/obo/MP_0011746	spleen fibrosis	http://purl.obolibrary.org/obo/MPATH_181	fibrosis	http://purl.obolibrary.org/obo/UBERON_0002106	spleen	http://purl.obolibrary.org/obo/PATO_0000470	increased amount	mp	169
http://purl.obolibrary.org/obo/MP_0006054	spinal hemorrhage	http://purl.obolibrary.org/obo/MPATH_119	hemorrhage and non-specified extravasation	http://purl.obolibrary.org/obo/UBERON_0002240	spinal cord	http://purl.obolibrary.org/obo/PATO_0000470	increased amount	mp	169
http://purl.obolibrary.org/obo/MP_0001212	skin lesions	http://purl.obolibrary.org/obo/MPATH_25	tissue specific degenerative process	http://purl.obolibrary.org/obo/UBERON_0000014	zone of skin	http://purl.obolibrary.org/obo/PATO_0000470	increased amount	mp	169
http://purl.obolibrary.org/obo/MP_0009932	skin fibrosis	http://purl.obolibrary.org/obo/MPATH_181	fibrosis	http://purl.obolibrary.org/obo/UBERON_0000014	zone of skin	http://purl.obolibrary.org/obo/PATO_0000470	increased amount	mp	169
http://purl.obolibrary.org/obo/MP_0009419	skeletal muscle fibrosis	http://purl.obolibrary.org/obo/MPATH_181	fibrosis	http://purl.obolibrary.org/obo/UBERON_0001134	skeletal muscle tissue	http://purl.obolibrary.org/obo/PATO_0000470	increased amount	mp	169
http://purl.obolibrary.org/obo/MP_0009420	skeletal muscle endomysial fibrosis	http://purl.obolibrary.org/obo/MPATH_181	fibrosis	http://purl.obolibrary.org/obo/UBERON_0011898	skeletal muscle endomysium	http://purl.obolibrary.org/obo/PATO_0000470	increased amount	mp	169
http://purl.obolibrary.org/obo/MP_0006186	retinal fibrosis	http://purl.obolibrary.org/obo/MPATH_181	fibrosis	http://purl.obolibrary.org/obo/UBERON_0000966	retina	http://purl.obolibrary.org/obo/PATO_0000470	increased amount	mp	169
http://purl.obolibrary.org/obo/MP_0014159	stomach fibrosis	http://purl.obolibrary.org/obo/MPATH_181	fibrosis	http://purl.obolibrary.org/obo/UBERON_0000945	stomach	http://purl.obolibrary.org/obo/PATO_0000470	increased amount	mp	169
http://purl.obolibrary.org/obo/MP_0010452	retina microaneurysm	http://purl.obolibrary.org/obo/MP_0003279	aneurysm	http://purl.obolibrary.org/obo/UBERON_0000966	retina	http://purl.obolibrary.org/obo/PATO_0000470	increased amount	mp	169
http://purl.obolibrary.org/obo/MP_0003215	renal interstitial fibrosis	http://purl.obolibrary.org/obo/MPATH_181	fibrosis	http://purl.obolibrary.org/obo/UBERON_0005215	kidney interstitium	http://purl.obolibrary.org/obo/PATO_0000470	increased amount	mp	169
http://purl.obolibrary.org/obo/MP_0011377	renal glomerulus fibrosis	http://purl.obolibrary.org/obo/MPATH_181	fibrosis	http://purl.obolibrary.org/obo/UBERON_0000074	renal glomerulus	http://purl.obolibrary.org/obo/PATO_0000470	increased amount	mp	169
http://purl.obolibrary.org/obo/MP_0011682	renal glomerulus cysts	http://purl.obolibrary.org/obo/MPATH_62	cyst	http://purl.obolibrary.org/obo/UBERON_0000074	renal glomerulus	http://purl.obolibrary.org/obo/PATO_0000470	increased amount	mp	169
http://purl.obolibrary.org/obo/MP_0003985	renal fibrosis	http://purl.obolibrary.org/obo/MPATH_181	fibrosis	http://purl.obolibrary.org/obo/UBERON_0002113	kidney	http://purl.obolibrary.org/obo/PATO_0000470	increased amount	mp	169
http://purl.obolibrary.org/obo/MP_0011358	renal artery aneurysm	http://purl.obolibrary.org/obo/MP_0003279	aneurysm	http://purl.obolibrary.org/obo/UBERON_0001184	renal artery	http://purl.obolibrary.org/obo/PATO_0000470	increased amount	mp	169
http://purl.obolibrary.org/obo/MP_0001209	spontaneous skin ulceration	http://purl.obolibrary.org/obo/MPATH_579	ulcer	http://purl.obolibrary.org/obo/UBERON_0000014	zone of skin	http://purl.obolibrary.org/obo/PATO_0000470	increased amount	mp	169
http://purl.obolibrary.org/obo/MP_0004177	tail telangiectases	http://purl.obolibrary.org/obo/MPATH_476	telangiectasia	http://purl.obolibrary.org/obo/UBERON_0007812	post-anal tail	http://purl.obolibrary.org/obo/PATO_0000470	increased amount	mp	169
http://purl.obolibrary.org/obo/MP_0003675	kidney cysts	http://purl.obolibrary.org/obo/MPATH_62	cyst	http://purl.obolibrary.org/obo/UBERON_0002113	kidney	http://purl.obolibrary.org/obo/PATO_0000470	increased amount	mp	169
http://purl.obolibrary.org/obo/MP_0011769	urinary bladder fibrosis	http://purl.obolibrary.org/obo/MPATH_181	fibrosis	http://purl.obolibrary.org/obo/UBERON_0001255	urinary bladder	http://purl.obolibrary.org/obo/PATO_0000470	increased amount	mp	169
http://purl.obolibrary.org/obo/MP_0006202	vitreous body hemorrhage	http://purl.obolibrary.org/obo/MPATH_119	hemorrhage and non-specified extravasation	http://purl.obolibrary.org/obo/UBERON_0001798	vitreous body	http://purl.obolibrary.org/obo/PATO_0000470	increased amount	mp	169
http://purl.obolibrary.org/obo/MP_0010421	ventricular aneurysm	http://purl.obolibrary.org/obo/MP_0003279	aneurysm	http://purl.obolibrary.org/obo/UBERON_0002082	cardiac ventricle	http://purl.obolibrary.org/obo/PATO_0000470	increased amount	mp	169
http://purl.obolibrary.org/obo/MP_0001864	vasculitis	http://purl.obolibrary.org/obo/MPATH_201	vasculitis	http://purl.obolibrary.org/obo/UBERON_0001981	blood vessel	http://purl.obolibrary.org/obo/PATO_0000470	increased amount	mp	169
http://purl.obolibrary.org/obo/MP_0003552	vagina cysts	http://purl.obolibrary.org/obo/MPATH_62	cyst	http://purl.obolibrary.org/obo/UBERON_0000996	vagina	http://purl.obolibrary.org/obo/PATO_0000470	increased amount	mp	169
http://purl.obolibrary.org/obo/MP_0013398	uterus fibrosis	http://purl.obolibrary.org/obo/MPATH_181	fibrosis	http://purl.obolibrary.org/obo/UBERON_0000995	uterus	http://purl.obolibrary.org/obo/PATO_0000470	increased amount	mp	169
http://purl.obolibrary.org/obo/MP_0004898	uterine hemorrhage	http://purl.obolibrary.org/obo/MPATH_119	hemorrhage and non-specified extravasation	http://purl.obolibrary.org/obo/UBERON_0000002	uterine cervix	http://purl.obolibrary.org/obo/PATO_0000470	increased amount	mp	169
http://purl.obolibrary.org/obo/MP_0000578	ulcerated paws	http://purl.obolibrary.org/obo/MPATH_579	ulcer	http://purl.obolibrary.org/obo/UBERON_0002470	autopod region	http://purl.obolibrary.org/obo/PATO_0000470	increased amount	mp	169
http://purl.obolibrary.org/obo/MP_0014189	testis fibrosis	http://purl.obolibrary.org/obo/MPATH_181	fibrosis	http://purl.obolibrary.org/obo/UBERON_0000473	testis	http://purl.obolibrary.org/obo/PATO_0000470	increased amount	mp	169
http://purl.obolibrary.org/obo/MP_0013499	trachea fibrosis	http://purl.obolibrary.org/obo/MPATH_181	fibrosis	http://purl.obolibrary.org/obo/UBERON_0003126	trachea	http://purl.obolibrary.org/obo/PATO_0000470	increased amount	mp	169
http://purl.obolibrary.org/obo/MP_0013528	thyroid gland cyst	http://purl.obolibrary.org/obo/MPATH_62	cyst	http://purl.obolibrary.org/obo/UBERON_0002046	thyroid gland	http://purl.obolibrary.org/obo/PATO_0000470	increased amount	mp	169
http://purl.obolibrary.org/obo/MP_0014129	thymus fibrosis	http://purl.obolibrary.org/obo/MPATH_181	fibrosis	http://purl.obolibrary.org/obo/UBERON_0002370	thymus	http://purl.obolibrary.org/obo/PATO_0000470	increased amount	mp	169
http://purl.obolibrary.org/obo/MP_0014130	thymus cysts	http://purl.obolibrary.org/obo/MPATH_62	cyst	http://purl.obolibrary.org/obo/UBERON_0002370	thymus	http://purl.obolibrary.org/obo/PATO_0000470	increased amount	mp	169
http://purl.obolibrary.org/obo/MP_0010372	throat cyst	http://purl.obolibrary.org/obo/MPATH_62	cyst	http://purl.obolibrary.org/obo/UBERON_0000341	throat	http://purl.obolibrary.org/obo/PATO_0000470	increased amount	mp	169
http://purl.obolibrary.org/obo/MP_0010658	thoracic aorta aneurysm	http://purl.obolibrary.org/obo/MP_0003279	aneurysm	http://purl.obolibrary.org/obo/UBERON_0001515	thoracic aorta	http://purl.obolibrary.org/obo/PATO_0000470	increased amount	mp	169
http://purl.obolibrary.org/obo/MP_0003293	rectal hemorrhage	http://purl.obolibrary.org/obo/MPATH_119	hemorrhage and non-specified extravasation	http://purl.obolibrary.org/obo/UBERON_0001052	rectum	http://purl.obolibrary.org/obo/PATO_0000470	increased amount	mp	169
http://purl.obolibrary.org/obo/MP_0003426	pulmonary interstitial fibrosis	http://purl.obolibrary.org/obo/MPATH_181	fibrosis	http://purl.obolibrary.org/obo/UBERON_0000114	lung connective tissue	http://purl.obolibrary.org/obo/PATO_0000470	increased amount	mp	169
http://purl.obolibrary.org/obo/MP_0006050	pulmonary fibrosis	http://purl.obolibrary.org/obo/MPATH_181	fibrosis	http://purl.obolibrary.org/obo/UBERON_0002048	lung	http://purl.obolibrary.org/obo/PATO_0000470	increased amount	mp	169
http://purl.obolibrary.org/obo/MP_0003333	liver fibrosis	http://purl.obolibrary.org/obo/MPATH_181	fibrosis	http://purl.obolibrary.org/obo/UBERON_0002107	liver	http://purl.obolibrary.org/obo/PATO_0000470	increased amount	mp	169
http://purl.obolibrary.org/obo/MP_0011747	myelofibrosis	http://purl.obolibrary.org/obo/MPATH_181	fibrosis	http://purl.obolibrary.org/obo/UBERON_0002484	bone marrow cavity	http://purl.obolibrary.org/obo/PATO_0000470	increased amount	mp	169
http://purl.obolibrary.org/obo/MP_0003747	mouth mucosal ulcer	http://purl.obolibrary.org/obo/MPATH_579	ulcer	http://purl.obolibrary.org/obo/UBERON_0003729	mouth mucosa	http://purl.obolibrary.org/obo/PATO_0000470	increased amount	mp	169
http://purl.obolibrary.org/obo/MP_0030221	maxillary cysts	http://purl.obolibrary.org/obo/MPATH_62	cyst	http://purl.obolibrary.org/obo/UBERON_0002397	maxilla	http://purl.obolibrary.org/obo/PATO_0000470	increased amount	mp	169
http://purl.obolibrary.org/obo/MP_0030220	mandibular cysts	http://purl.obolibrary.org/obo/MPATH_62	cyst	http://purl.obolibrary.org/obo/UBERON_0001684	mandible	http://purl.obolibrary.org/obo/PATO_0000470	increased amount	mp	169
http://purl.obolibrary.org/obo/MP_0004880	lung cysts	http://purl.obolibrary.org/obo/MPATH_62	cyst	http://purl.obolibrary.org/obo/UBERON_0002048	lung	http://purl.obolibrary.org/obo/PATO_0000470	increased amount	mp	169
http://purl.obolibrary.org/obo/MP_0003888	liver hemorrhage	http://purl.obolibrary.org/obo/MPATH_119	hemorrhage and non-specified extravasation	http://purl.obolibrary.org/obo/UBERON_0002107	liver	http://purl.obolibrary.org/obo/PATO_0000470	increased amount	mp	169
http://purl.obolibrary.org/obo/MP_0003327	liver cysts	http://purl.obolibrary.org/obo/MPATH_62	cyst	http://purl.obolibrary.org/obo/UBERON_0002107	liver	http://purl.obolibrary.org/obo/PATO_0000470	increased amount	mp	169
http://purl.obolibrary.org/obo/MP_0010462	pulmonary artery aneurysm	http://purl.obolibrary.org/obo/MP_0003279	aneurysm	http://purl.obolibrary.org/obo/UBERON_0002012	pulmonary artery	http://purl.obolibrary.org/obo/PATO_0000470	increased amount	mp	169
http://purl.obolibrary.org/obo/MP_0003770	lip ulcer	http://purl.obolibrary.org/obo/MPATH_579	ulcer	http://purl.obolibrary.org/obo/UBERON_0001833	lip	http://purl.obolibrary.org/obo/PATO_0000470	increased amount	mp	169
http://purl.obolibrary.org/obo/MP_0003778	lip telangiectases	http://purl.obolibrary.org/obo/MPATH_476	telangiectasia	http://purl.obolibrary.org/obo/UBERON_0001833	lip	http://purl.obolibrary.org/obo/PATO_0000470	increased amount	mp	169
http://purl.obolibrary.org/obo/MP_0003779	lip cysts	http://purl.obolibrary.org/obo/MPATH_62	cyst	http://purl.obolibrary.org/obo/UBERON_0001833	lip	http://purl.obolibrary.org/obo/PATO_0000470	increased amount	mp	169
http://purl.obolibrary.org/obo/MP_0010451	kidney microaneurysm	http://purl.obolibrary.org/obo/MP_0003279	aneurysm	http://purl.obolibrary.org/obo/UBERON_0002113	kidney	http://purl.obolibrary.org/obo/PATO_0000470	increased amount	mp	169
http://purl.obolibrary.org/obo/MP_0011307	kidney medulla cysts	http://purl.obolibrary.org/obo/MPATH_62	cyst	http://purl.obolibrary.org/obo/UBERON_0000362	renal medulla	http://purl.obolibrary.org/obo/PATO_0000470	increased amount	mp	169
http://purl.obolibrary.org/obo/MP_0000533	kidney hemorrhage	http://purl.obolibrary.org/obo/MPATH_119	hemorrhage and non-specified extravasation	http://purl.obolibrary.org/obo/UBERON_0002113	kidney	http://purl.obolibrary.org/obo/PATO_0000470	increased amount	mp	169
http://purl.obolibrary.org/obo/MP_0010535	myocardium steatosis	http://purl.obolibrary.org/obo/MPATH_622	steatosis	http://purl.obolibrary.org/obo/UBERON_0002349	myocardium	http://purl.obolibrary.org/obo/PATO_0000470	increased amount	mp	169
http://purl.obolibrary.org/obo/MP_0004178	neck telangiectases	http://purl.obolibrary.org/obo/MPATH_476	telangiectasia	http://purl.obolibrary.org/obo/UBERON_0000974	neck	http://purl.obolibrary.org/obo/PATO_0000470	increased amount	mp	169
http://purl.obolibrary.org/obo/MP_0013128	nipple hemorrhage	http://purl.obolibrary.org/obo/MPATH_119	hemorrhage and non-specified extravasation	http://purl.obolibrary.org/obo/UBERON_0002030	nipple	http://purl.obolibrary.org/obo/PATO_0000470	increased amount	mp	169
http://purl.obolibrary.org/obo/MP_0009444	ovarian follicular cyst	http://purl.obolibrary.org/obo/MPATH_62	cyst	http://purl.obolibrary.org/obo/UBERON_0001305	ovarian follicle	http://purl.obolibrary.org/obo/PATO_0000470	increased amount	mp	169
http://purl.obolibrary.org/obo/MP_0002016	ovary cysts	http://purl.obolibrary.org/obo/MPATH_62	cyst	http://purl.obolibrary.org/obo/UBERON_0000992	ovary	http://purl.obolibrary.org/obo/PATO_0000470	increased amount	mp	169
http://purl.obolibrary.org/obo/MP_0013607	ovary fibrosis	http://purl.obolibrary.org/obo/MPATH_181	fibrosis	http://purl.obolibrary.org/obo/UBERON_0000992	ovary	http://purl.obolibrary.org/obo/PATO_0000470	increased amount	mp	169
http://purl.obolibrary.org/obo/MP_0003768	palatal telangiectases	http://purl.obolibrary.org/obo/MPATH_476	telangiectasia	http://purl.obolibrary.org/obo/UBERON_0001716	secondary palate	http://purl.obolibrary.org/obo/PATO_0000470	increased amount	mp	169
http://purl.obolibrary.org/obo/MP_0003336	pancreas cysts	http://purl.obolibrary.org/obo/MPATH_62	cyst	http://purl.obolibrary.org/obo/UBERON_0001264	pancreas	http://purl.obolibrary.org/obo/PATO_0000470	increased amount	mp	169
http://purl.obolibrary.org/obo/MP_0003334	pancreas fibrosis	http://purl.obolibrary.org/obo/MPATH_181	fibrosis	http://purl.obolibrary.org/obo/UBERON_0001264	pancreas	http://purl.obolibrary.org/obo/PATO_0000470	increased amount	mp	169
http://purl.obolibrary.org/obo/MP_0003338	pancreas lipomatosis	http://purl.obolibrary.org/obo/MPATH_417	lipoma	http://purl.obolibrary.org/obo/UBERON_0001264	pancreas	http://purl.obolibrary.org/obo/PATO_0000470	increased amount	mp	169
http://purl.obolibrary.org/obo/MP_0005035	perianal ulcer	http://purl.obolibrary.org/obo/MPATH_579	ulcer	http://purl.obolibrary.org/obo/UBERON_0001245	anus	http://purl.obolibrary.org/obo/PATO_0000470	increased amount	mp	169
http://purl.obolibrary.org/obo/MP_0003316	perineal fistula	http://purl.obolibrary.org/obo/MPATH_70	fistula	http://purl.obolibrary.org/obo/UBERON_0002356	perineum	http://purl.obolibrary.org/obo/PATO_0000470	increased amount	mp	169
http://purl.obolibrary.org/obo/MP_0013460	periocular dermatitis	http://purl.obolibrary.org/obo/MP_0001194	dermatitis	http://purl.obolibrary.org/obo/UBERON_0016462	periorbital skin	http://purl.obolibrary.org/obo/PATO_0000470	increased amount	mp	169
http://purl.obolibrary.org/obo/MP_0003669	periodontal ligament hypercellularity	http://purl.obolibrary.org/obo/CL_0000000	cell	http://purl.obolibrary.org/obo/UBERON_0008266	periodontal ligament	http://purl.obolibrary.org/obo/PATO_0000470	increased amount	mp	169
http://purl.obolibrary.org/obo/MP_0013459	perioral dermatitis	http://purl.obolibrary.org/obo/MP_0001194	dermatitis	http://purl.obolibrary.org/obo/UBERON_1000021	skin of face	http://purl.obolibrary.org/obo/PATO_0000470	increased amount	mp	169
http://purl.obolibrary.org/obo/MP_0011749	perivascular fibrosis	http://purl.obolibrary.org/obo/MPATH_181	fibrosis	http://purl.obolibrary.org/obo/UBERON_0014930	perivascular space	http://purl.obolibrary.org/obo/PATO_0000470	increased amount	mp	169
http://purl.obolibrary.org/obo/MP_0010909	pulmonary alveolar hemorrhage	http://purl.obolibrary.org/obo/MPATH_119	hemorrhage and non-specified extravasation	http://purl.obolibrary.org/obo/UBERON_0002299	alveolus of lung	http://purl.obolibrary.org/obo/PATO_0000470	increased amount	mp	169
http://purl.obolibrary.org/obo/MP_0001194	dermatitis	http://purl.obolibrary.org/obo/MPATH_196	dermatitis	http://purl.obolibrary.org/obo/UBERON_0000014	zone of skin	http://purl.obolibrary.org/obo/PATO_0000470	increased amount	mp	169
http://purl.obolibrary.org/obo/MP_0002580	duodenal lesions	http://purl.obolibrary.org/obo/MPATH_25	tissue specific degenerative process	http://purl.obolibrary.org/obo/UBERON_0002114	duodenum	http://purl.obolibrary.org/obo/PATO_0000470	increased amount	mp	169
http://purl.obolibrary.org/obo/MP_0003526	vulva cysts	http://purl.obolibrary.org/obo/MPATH_62	cyst	http://purl.obolibrary.org/obo/UBERON_0000997	mammalian vulva	http://purl.obolibrary.org/obo/PATO_0000470	increased amount	mp	169
http://purl.obolibrary.org/obo/MP_0002993	arthritis	http://purl.obolibrary.org/obo/MPATH_195	arthritis	http://purl.obolibrary.org/obo/UBERON_0000982	skeletal joint	http://purl.obolibrary.org/obo/PATO_0000470	increased amount	mp	169
http://purl.obolibrary.org/obo/MP_0000491	crypts of Lieberkuhn abscesses	http://purl.obolibrary.org/obo/MPATH_579	ulcer	http://purl.obolibrary.org/obo/UBERON_0001983	crypt of Lieberkuhn	http://purl.obolibrary.org/obo/PATO_0000470	increased amount	mp	169
http://purl.obolibrary.org/obo/MP_0010477	coronary artery aneurysm	http://purl.obolibrary.org/obo/MP_0003279	aneurysm	http://purl.obolibrary.org/obo/UBERON_0001621	coronary artery	http://purl.obolibrary.org/obo/PATO_0000470	increased amount	mp	169
http://purl.obolibrary.org/obo/MP_0009825	cornea ulcer	http://purl.obolibrary.org/obo/MPATH_579	ulcer	http://purl.obolibrary.org/obo/UBERON_0000964	cornea	http://purl.obolibrary.org/obo/PATO_0000470	increased amount	mp	169
http://purl.obolibrary.org/obo/MP_0006193	conjunctival telangiectasia	http://purl.obolibrary.org/obo/MPATH_476	telangiectasia	http://purl.obolibrary.org/obo/UBERON_0001811	conjunctiva	http://purl.obolibrary.org/obo/PATO_0000470	increased amount	mp	169
http://purl.obolibrary.org/obo/MP_0006052	cerebellum hemorrhage	http://purl.obolibrary.org/obo/MPATH_119	hemorrhage and non-specified extravasation	http://purl.obolibrary.org/obo/UBERON_0002037	cerebellum	http://purl.obolibrary.org/obo/PATO_0000470	increased amount	mp	169
http://purl.obolibrary.org/obo/MP_0003141	cardiac fibrosis	http://purl.obolibrary.org/obo/MPATH_181	fibrosis	http://purl.obolibrary.org/obo/UBERON_0000948	heart	http://purl.obolibrary.org/obo/PATO_0000470	increased amount	mp	169
http://purl.obolibrary.org/obo/MP_0010534	calcified myocardium	http://purl.obolibrary.org/obo/MPATH_36	calcium deposition	http://purl.obolibrary.org/obo/UBERON_0002349	myocardium	http://purl.obolibrary.org/obo/PATO_0000470	increased amount	mp	169
http://purl.obolibrary.org/obo/MP_0006051	brainstem hemorrhage	http://purl.obolibrary.org/obo/MPATH_119	hemorrhage and non-specified extravasation	http://purl.obolibrary.org/obo/UBERON_0002298	brainstem	http://purl.obolibrary.org/obo/PATO_0000470	increased amount	mp	169
http://purl.obolibrary.org/obo/MP_0008025	brain vacuoles	http://purl.obolibrary.org/obo/GO_0005773	vacuole	http://purl.obolibrary.org/obo/UBERON_0000955	brain	http://purl.obolibrary.org/obo/PATO_0000470	increased amount	mp	169
http://purl.obolibrary.org/obo/MP_0010479	brain aneurysm	http://purl.obolibrary.org/obo/MP_0003279	aneurysm	http://purl.obolibrary.org/obo/UBERON_0000955	brain	http://purl.obolibrary.org/obo/PATO_0000470	increased amount	mp	169
http://purl.obolibrary.org/obo/MP_0003322	biliary fistula	http://purl.obolibrary.org/obo/MPATH_70	fistula	http://purl.obolibrary.org/obo/UBERON_0001173	biliary tree	http://purl.obolibrary.org/obo/PATO_0000470	increased amount	mp	169
http://purl.obolibrary.org/obo/MP_0003266	biliary cyst	http://purl.obolibrary.org/obo/MPATH_62	cyst	http://purl.obolibrary.org/obo/UBERON_0002394	bile duct	http://purl.obolibrary.org/obo/PATO_0000470	increased amount	mp	169
http://purl.obolibrary.org/obo/MP_0010450	atrial septal aneurysm	http://purl.obolibrary.org/obo/MP_0003279	aneurysm	http://purl.obolibrary.org/obo/UBERON_0002085	interatrial septum	http://purl.obolibrary.org/obo/PATO_0000470	increased amount	mp	169
http://purl.obolibrary.org/obo/MP_0010661	ascending aorta aneurysm	http://purl.obolibrary.org/obo/MP_0003279	aneurysm	http://purl.obolibrary.org/obo/UBERON_0001496	ascending aorta	http://purl.obolibrary.org/obo/PATO_0000470	increased amount	mp	169
http://purl.obolibrary.org/obo/MP_0010483	aortic sinus aneurysm	http://purl.obolibrary.org/obo/MP_0003279	aneurysm	http://purl.obolibrary.org/obo/UBERON_0003707	sinus of Valsalva	http://purl.obolibrary.org/obo/PATO_0000470	increased amount	mp	169
http://purl.obolibrary.org/obo/MP_0005304	cystic bulbourethral gland	http://purl.obolibrary.org/obo/MPATH_62	cyst	http://purl.obolibrary.org/obo/UBERON_0002366	bulbo-urethral gland	http://purl.obolibrary.org/obo/PATO_0000470	increased amount	mp	169
http://purl.obolibrary.org/obo/MP_0002964	aortic elastic tissue lesions	http://purl.obolibrary.org/obo/MPATH_25	tissue specific degenerative process	http://purl.obolibrary.org/obo/UBERON_0003609	aorta elastic tissue	http://purl.obolibrary.org/obo/PATO_0000470	increased amount	mp	169
http://purl.obolibrary.org/obo/MP_0006278	aortic aneurysm	http://purl.obolibrary.org/obo/MPATH_90	aneurysm	http://purl.obolibrary.org/obo/UBERON_0000947	aorta	http://purl.obolibrary.org/obo/PATO_0000470	increased amount	mp	169
http://purl.obolibrary.org/obo/MP_0003319	anal fistula	http://purl.obolibrary.org/obo/MPATH_70	fistula	http://purl.obolibrary.org/obo/UBERON_0001245	anus	http://purl.obolibrary.org/obo/PATO_0000470	increased amount	mp	169
http://purl.obolibrary.org/obo/MP_0000604	amyloidosis	http://purl.obolibrary.org/obo/MPATH_34	amyloid deposition	http://purl.obolibrary.org/obo/UBERON_0000479	tissue	http://purl.obolibrary.org/obo/PATO_0000470	increased amount	mp	169
http://purl.obolibrary.org/obo/MP_0004662	abnormal thyroid diverticulum morphology	http://purl.obolibrary.org/obo/MPATH_68	diverticulum	http://purl.obolibrary.org/obo/UBERON_0002046	thyroid gland	http://purl.obolibrary.org/obo/PATO_0000470	increased amount	mp	169
http://purl.obolibrary.org/obo/MP_0013309	adrenal gland cyst	http://purl.obolibrary.org/obo/MPATH_62	cyst	http://purl.obolibrary.org/obo/UBERON_0002369	adrenal gland	http://purl.obolibrary.org/obo/PATO_0000470	increased amount	mp	169
http://purl.obolibrary.org/obo/MP_0010028	aciduria	http://purl.obolibrary.org/obo/CHEBI_37527	acid	http://purl.obolibrary.org/obo/UBERON_0001088	urine	http://purl.obolibrary.org/obo/PATO_0000470	increased amount	mp	169
http://purl.obolibrary.org/obo/MP_0003031	acidosis	http://purl.obolibrary.org/obo/CHEBI_37527	acid	http://purl.obolibrary.org/obo/UBERON_0006314	bodily fluid	http://purl.obolibrary.org/obo/PATO_0000470	increased amount	mp	169
http://purl.obolibrary.org/obo/MP_0004805	absent oocytes	http://purl.obolibrary.org/obo/CL_0000023	oocyte	http://purl.obolibrary.org/obo/UBERON_0000474	female reproductive system	http://purl.obolibrary.org/obo/PATO_0000462	absent	mp	52
http://purl.obolibrary.org/obo/MP_0004312	absent pillar cells	http://purl.obolibrary.org/obo/CL_1000191	pillar cell	http://purl.obolibrary.org/obo/UBERON_0002227	spiral organ of cochlea	http://purl.obolibrary.org/obo/PATO_0000462	absent	mp	52
http://purl.obolibrary.org/obo/MP_0009162	absent pancreatic acinar cell zymogen granule	http://purl.obolibrary.org/obo/GO_0042588	zymogen granule	http://purl.obolibrary.org/obo/CL_0002064	pancreatic acinar cell	http://purl.obolibrary.org/obo/PATO_0000462	absent	mp	52
http://purl.obolibrary.org/obo/MP_0011645	absent oviduct epithelium motile cilium	http://purl.obolibrary.org/obo/GO_0031514	motile cilium	http://purl.obolibrary.org/obo/UBERON_0007589	ciliated columnar oviduct epithelium	http://purl.obolibrary.org/obo/PATO_0000462	absent	mp	52
http://purl.obolibrary.org/obo/MP_0011063	absent inner hair cell kinocilia	http://purl.obolibrary.org/obo/GO_0060091	kinocilium	http://purl.obolibrary.org/obo/CL_0000589	cochlear inner hair cell	http://purl.obolibrary.org/obo/PATO_0000462	absent	mp	52
http://purl.obolibrary.org/obo/MP_0003647	absent oligodendrocytes	http://purl.obolibrary.org/obo/CL_0000128	oligodendrocyte	http://purl.obolibrary.org/obo/UBERON_0001017	central nervous system	http://purl.obolibrary.org/obo/PATO_0000462	absent	mp	52
http://purl.obolibrary.org/obo/MP_0009972	absent hippocampus pyramidal cells	http://purl.obolibrary.org/obo/CL_0000598	pyramidal neuron	http://purl.obolibrary.org/obo/UBERON_0001954	Ammon's horn	http://purl.obolibrary.org/obo/PATO_0000462	absent	mp	52
http://purl.obolibrary.org/obo/MP_0000975	absent hair guard neurons	http://purl.obolibrary.org/obo/CL_0000199	mechanoreceptor cell	http://purl.obolibrary.org/obo/UBERON_0010512	strand of guard hair	http://purl.obolibrary.org/obo/PATO_0000462	absent	mp	52
http://purl.obolibrary.org/obo/MP_0010199	absent lymphatic vessel endothelial cells	http://purl.obolibrary.org/obo/CL_0000115	endothelial cell	http://purl.obolibrary.org/obo/UBERON_0001473	lymphatic vessel	http://purl.obolibrary.org/obo/PATO_0000462	absent	mp	52
http://purl.obolibrary.org/obo/MP_0004949	absent neuronal precursor cells	http://purl.obolibrary.org/obo/CL_0000337	neuroblast (sensu Vertebrata)	http://purl.obolibrary.org/obo/UBERON_0002240	spinal cord	http://purl.obolibrary.org/obo/PATO_0000462	absent	mp	52
http://purl.obolibrary.org/obo/MP_0004806	absent germ cells	http://purl.obolibrary.org/obo/CL_0000586	germ cell	http://purl.obolibrary.org/obo/UBERON_0000990	reproductive system	http://purl.obolibrary.org/obo/PATO_0000462	absent	mp	52
http://purl.obolibrary.org/obo/MP_0000238	absent pre-B cells	http://purl.obolibrary.org/obo/CL_0000817	precursor B cell	http://purl.obolibrary.org/obo/UBERON_0002405	immune system	http://purl.obolibrary.org/obo/PATO_0000462	absent	mp	52
http://purl.obolibrary.org/obo/MP_0002785	absent Leydig cells	http://purl.obolibrary.org/obo/CL_0000178	Leydig cell	http://purl.obolibrary.org/obo/UBERON_0001343	seminiferous tubule of testis	http://purl.obolibrary.org/obo/PATO_0000462	absent	mp	52
http://purl.obolibrary.org/obo/MP_0000645	absent adrenergic chromaffin cells	http://purl.obolibrary.org/obo/CL_0002082	type II cell of adrenal medulla	http://purl.obolibrary.org/obo/UBERON_0002369	adrenal gland	http://purl.obolibrary.org/obo/PATO_0000462	absent	mp	52
http://purl.obolibrary.org/obo/MP_0000643	absent adrenal medulla	http://purl.obolibrary.org/obo/CL_0000336	adrenal medulla chromaffin cell	http://purl.obolibrary.org/obo/UBERON_0002369	adrenal gland	http://purl.obolibrary.org/obo/PATO_0000462	absent	mp	52
http://purl.obolibrary.org/obo/MP_0008505	absent adrenal chromaffin cells	http://purl.obolibrary.org/obo/CL_0000166	chromaffin cell	http://purl.obolibrary.org/obo/UBERON_0002369	adrenal gland	http://purl.obolibrary.org/obo/PATO_0000462	absent	mp	52
http://purl.obolibrary.org/obo/MP_0001108	absent Schwann cells	http://purl.obolibrary.org/obo/CL_0000218	myelinating Schwann cell	http://purl.obolibrary.org/obo/UBERON_0000010	peripheral nervous system	http://purl.obolibrary.org/obo/PATO_0000462	absent	mp	52
http://purl.obolibrary.org/obo/MP_0014076	absent Paneth cells	http://purl.obolibrary.org/obo/CL_0000510	paneth cell	http://purl.obolibrary.org/obo/UBERON_0001241	crypt of Lieberkuhn of small intestine	http://purl.obolibrary.org/obo/PATO_0000462	absent	mp	52
http://purl.obolibrary.org/obo/MP_0008046	absent NK cells	http://purl.obolibrary.org/obo/CL_0000623	natural killer cell	http://purl.obolibrary.org/obo/UBERON_0002405	immune system	http://purl.obolibrary.org/obo/PATO_0000462	absent	mp	52
http://purl.obolibrary.org/obo/MP_0004590	absent Deiters cells	http://purl.obolibrary.org/obo/CL_0000635	Deiter's cell	http://purl.obolibrary.org/obo/UBERON_0002227	spiral organ of cochlea	http://purl.obolibrary.org/obo/PATO_0000462	absent	mp	52
http://purl.obolibrary.org/obo/MP_0001117	absent gametes	http://purl.obolibrary.org/obo/CL_0000300	gamete	http://purl.obolibrary.org/obo/UBERON_0000990	reproductive system	http://purl.obolibrary.org/obo/PATO_0000462	absent	mp	52
http://purl.obolibrary.org/obo/MP_0000344	absent Cajal-Retzius cell	http://purl.obolibrary.org/obo/CL_0000695	Cajal-Retzius cell	http://purl.obolibrary.org/obo/UBERON_0010403	brain marginal zone	http://purl.obolibrary.org/obo/PATO_0000462	absent	mp	52
http://purl.obolibrary.org/obo/MP_0000727	absent CD8-positive, alpha-beta T cells	http://purl.obolibrary.org/obo/CL_0000625	CD8-positive, alpha-beta T cell	http://purl.obolibrary.org/obo/UBERON_0002405	immune system	http://purl.obolibrary.org/obo/PATO_0000462	absent	mp	52
http://purl.obolibrary.org/obo/MP_0003790	absent CD4-positive, alpha beta T cells	http://purl.obolibrary.org/obo/CL_0000624	CD4-positive, alpha-beta T cell	http://purl.obolibrary.org/obo/UBERON_0000178	blood	http://purl.obolibrary.org/obo/PATO_0000462	absent	mp	52
http://purl.obolibrary.org/obo/MP_0008205	absent B-2 B cells	http://purl.obolibrary.org/obo/CL_0000822	B-2 B cell	http://purl.obolibrary.org/obo/UBERON_0002405	immune system	http://purl.obolibrary.org/obo/PATO_0000462	absent	mp	52
http://purl.obolibrary.org/obo/MP_0008204	absent B-1b cells	http://purl.obolibrary.org/obo/CL_0000821	B-1b B cell	http://purl.obolibrary.org/obo/UBERON_0002405	immune system	http://purl.obolibrary.org/obo/PATO_0000462	absent	mp	52
http://purl.obolibrary.org/obo/MP_0008203	absent B-1a cells	http://purl.obolibrary.org/obo/CL_0000820	B-1a B cell	http://purl.obolibrary.org/obo/UBERON_0002405	immune system	http://purl.obolibrary.org/obo/PATO_0000462	absent	mp	52
http://purl.obolibrary.org/obo/MP_0006095	absent amacrine cells	http://purl.obolibrary.org/obo/CL_0000561	amacrine cell	http://purl.obolibrary.org/obo/UBERON_0001016	nervous system	http://purl.obolibrary.org/obo/PATO_0000462	absent	mp	52
http://purl.obolibrary.org/obo/MP_0006268	absent cardiac desmosomes	http://purl.obolibrary.org/obo/GO_0030057	desmosome	http://purl.obolibrary.org/obo/CL_0000746	cardiac muscle cell	http://purl.obolibrary.org/obo/PATO_0000462	absent	mp	52
http://purl.obolibrary.org/obo/MP_0004150	absent caveolae	http://purl.obolibrary.org/obo/GO_0005901	caveola	http://purl.obolibrary.org/obo/GO_0005623	cell	http://purl.obolibrary.org/obo/PATO_0000462	absent	mp	52
http://purl.obolibrary.org/obo/MP_0009975	absent cerebral cortex pyramidal cells	http://purl.obolibrary.org/obo/CL_0000598	pyramidal neuron	http://purl.obolibrary.org/obo/UBERON_0000956	cerebral cortex	http://purl.obolibrary.org/obo/PATO_0000462	absent	mp	52
http://purl.obolibrary.org/obo/MP_0004405	absent cochlear hair cells	http://purl.obolibrary.org/obo/CL_0000855	sensory hair cell	http://purl.obolibrary.org/obo/UBERON_0001844	cochlea	http://purl.obolibrary.org/obo/PATO_0000462	absent	mp	52
http://purl.obolibrary.org/obo/MP_0004397	absent cochlear inner hair cells	http://purl.obolibrary.org/obo/CL_0000589	cochlear inner hair cell	http://purl.obolibrary.org/obo/UBERON_0001844	cochlea	http://purl.obolibrary.org/obo/PATO_0000462	absent	mp	52
http://purl.obolibrary.org/obo/MP_0004403	absent cochlear outer hair cells	http://purl.obolibrary.org/obo/CL_0000601	outer hair cell	http://purl.obolibrary.org/obo/UBERON_0001844	cochlea	http://purl.obolibrary.org/obo/PATO_0000462	absent	mp	52
http://purl.obolibrary.org/obo/MP_0003240	loss of hippocampal neurons	http://purl.obolibrary.org/obo/CL_0000540	neuron	http://purl.obolibrary.org/obo/UBERON_0001954	Ammon's horn	http://purl.obolibrary.org/obo/PATO_0000462	absent	mp	52
http://purl.obolibrary.org/obo/MP_0003248	loss of glutamate neurons	http://purl.obolibrary.org/obo/CL_0000679	glutamatergic neuron	http://purl.obolibrary.org/obo/UBERON_0001016	nervous system	http://purl.obolibrary.org/obo/PATO_0000462	absent	mp	52
http://purl.obolibrary.org/obo/MP_0003244	loss of dopaminergic neurons	http://purl.obolibrary.org/obo/CL_0000700	dopaminergic neuron	http://purl.obolibrary.org/obo/UBERON_0001016	nervous system	http://purl.obolibrary.org/obo/PATO_0000462	absent	mp	52
http://purl.obolibrary.org/obo/MP_0003241	loss of cortex neurons	http://purl.obolibrary.org/obo/CL_0000540	neuron	http://purl.obolibrary.org/obo/UBERON_0000956	cerebral cortex	http://purl.obolibrary.org/obo/PATO_0000462	absent	mp	52
http://purl.obolibrary.org/obo/MP_0003242	loss of basal ganglia neurons	http://purl.obolibrary.org/obo/CL_0000540	neuron	http://purl.obolibrary.org/obo/UBERON_0010011	collection of basal ganglia	http://purl.obolibrary.org/obo/PATO_0000462	absent	mp	52
http://purl.obolibrary.org/obo/MP_0003246	loss of GABAergic neurons	http://purl.obolibrary.org/obo/CL_0000617	GABAergic neuron	http://purl.obolibrary.org/obo/UBERON_0001016	nervous system	http://purl.obolibrary.org/obo/PATO_0000462	absent	mp	52
http://purl.obolibrary.org/obo/MP_0000239	absent common myeloid progenitor cells	http://purl.obolibrary.org/obo/CL_0000049	common myeloid progenitor	http://purl.obolibrary.org/obo/UBERON_0000178	blood	http://purl.obolibrary.org/obo/PATO_0000462	absent	mp	52
http://purl.obolibrary.org/obo/MP_0000487	absent enterocytes	http://purl.obolibrary.org/obo/CL_0000584	enterocyte	http://purl.obolibrary.org/obo/UBERON_0000160	intestine	http://purl.obolibrary.org/obo/PATO_0000462	absent	mp	52
http://purl.obolibrary.org/obo/MP_0010852	absent epidermal lamellar bodies	http://purl.obolibrary.org/obo/GO_0042599	lamellar body	http://purl.obolibrary.org/obo/CL_0000362	epidermal cell	http://purl.obolibrary.org/obo/PATO_0000462	absent	mp	52
http://purl.obolibrary.org/obo/MP_0000215	absent erythrocytes	http://purl.obolibrary.org/obo/CL_0000232	erythrocyte	http://purl.obolibrary.org/obo/UBERON_0000178	blood	http://purl.obolibrary.org/obo/PATO_0000462	absent	mp	52
http://purl.obolibrary.org/obo/MP_0003714	absent platelets	http://purl.obolibrary.org/obo/CL_0000233	platelet	http://purl.obolibrary.org/obo/UBERON_0000178	blood	http://purl.obolibrary.org/obo/PATO_0000462	absent	mp	52
http://purl.obolibrary.org/obo/MP_0000726	absent lymphocyte	http://purl.obolibrary.org/obo/CL_0000542	lymphocyte	http://purl.obolibrary.org/obo/UBERON_0002405	immune system	http://purl.obolibrary.org/obo/PATO_0000462	absent	mp	52
http://purl.obolibrary.org/obo/MP_0004975	absent regulatory T cells	http://purl.obolibrary.org/obo/CL_0000815	regulatory T cell	http://purl.obolibrary.org/obo/UBERON_0000178	blood	http://purl.obolibrary.org/obo/PATO_0000462	absent	mp	52
http://purl.obolibrary.org/obo/MP_0008437	absent somatotroph secretory granules	http://purl.obolibrary.org/obo/GO_0030141	secretory granule	http://purl.obolibrary.org/obo/CL_0000295	somatotropin secreting cell	http://purl.obolibrary.org/obo/PATO_0000462	absent	mp	52
http://purl.obolibrary.org/obo/MP_0009833	absent sperm mitochondrial sheath	http://purl.obolibrary.org/obo/GO_0005739	mitochondrion	http://purl.obolibrary.org/obo/CL_0000019	sperm	http://purl.obolibrary.org/obo/PATO_0000462	absent	mp	52
http://purl.obolibrary.org/obo/MP_0004660	absent thyroid follicular cells	http://purl.obolibrary.org/obo/CL_0000452	thyroid hormone secreting cell	http://purl.obolibrary.org/obo/UBERON_0002046	thyroid gland	http://purl.obolibrary.org/obo/PATO_0000462	absent	mp	52
http://purl.obolibrary.org/obo/MP_0004325	absent vestibular hair cells	http://purl.obolibrary.org/obo/CL_0000609	vestibular hair cell	http://purl.obolibrary.org/obo/UBERON_0001862	vestibular labyrinth	http://purl.obolibrary.org/obo/PATO_0000462	absent	mp	52
http://purl.obolibrary.org/obo/MP_0006096	absent retinal bipolar cells	http://purl.obolibrary.org/obo/CL_0000748	retinal bipolar neuron	http://purl.obolibrary.org/obo/UBERON_0000966	retina	http://purl.obolibrary.org/obo/PATO_0000462	absent	mp	52
http://purl.obolibrary.org/obo/MP_0014095	decreased pancreatic acinar cell zymogen granule number	http://purl.obolibrary.org/obo/GO_0042588	zymogen granule	http://purl.obolibrary.org/obo/CL_0002064	pancreatic acinar cell	http://purl.obolibrary.org/obo/PATO_0001997	decreased amount	mp	33
http://purl.obolibrary.org/obo/MP_0002460	decreased immunoglobulin level	http://purl.obolibrary.org/obo/GO_0042571	immunoglobulin complex, circulating	http://purl.obolibrary.org/obo/UBERON_0000178	blood	http://purl.obolibrary.org/obo/PATO_0001997	decreased amount	mp	33
http://purl.obolibrary.org/obo/MP_0004534	decreased inner hair cell stereocilia number	http://purl.obolibrary.org/obo/GO_0032420	stereocilium	http://purl.obolibrary.org/obo/CL_0000589	cochlear inner hair cell	http://purl.obolibrary.org/obo/PATO_0001997	decreased amount	mp	33
http://purl.obolibrary.org/obo/MP_0000362	decreased mast cell histamine storage	http://purl.obolibrary.org/obo/CHEBI_18295	histamine	http://purl.obolibrary.org/obo/CL_0000097	mast cell	http://purl.obolibrary.org/obo/PATO_0001997	decreased amount	mp	33
http://purl.obolibrary.org/obo/MP_0005562	decreased mean corpuscular hemoglobin	http://purl.obolibrary.org/obo/CHEBI_35143	hemoglobin	http://purl.obolibrary.org/obo/CL_0000595	enucleate erythrocyte	http://purl.obolibrary.org/obo/PATO_0001997	decreased amount	mp	33
http://purl.obolibrary.org/obo/MP_0020904	decreased middle ear goblet cell number	http://purl.obolibrary.org/obo/CL_0000160	goblet cell	http://purl.obolibrary.org/obo/UBERON_0015813	middle ear epithelium	http://purl.obolibrary.org/obo/PATO_0001997	decreased amount	mp	33
http://purl.obolibrary.org/obo/MP_0013414	decreased myeloid cell number in bone marrow	http://purl.obolibrary.org/obo/CL_0000763	myeloid cell	http://purl.obolibrary.org/obo/UBERON_0002371	bone marrow	http://purl.obolibrary.org/obo/PATO_0001997	decreased amount	mp	33
http://purl.obolibrary.org/obo/MP_0004529	decreased outer hair cell stereocilia number	http://purl.obolibrary.org/obo/GO_0032420	stereocilium	http://purl.obolibrary.org/obo/CL_0000601	outer hair cell	http://purl.obolibrary.org/obo/PATO_0001997	decreased amount	mp	33
http://purl.obolibrary.org/obo/MP_0004867	decreased platelet calcium level	http://purl.obolibrary.org/obo/CHEBI_22984	calcium atom	http://purl.obolibrary.org/obo/CL_0000233	platelet	http://purl.obolibrary.org/obo/PATO_0001997	decreased amount	mp	33
http://purl.obolibrary.org/obo/MP_0009557	decreased platelet ADP level	http://purl.obolibrary.org/obo/CHEBI_16761	ADP	http://purl.obolibrary.org/obo/CL_0000233	platelet	http://purl.obolibrary.org/obo/PATO_0001997	decreased amount	mp	33
http://purl.obolibrary.org/obo/MP_0009448	decreased platelet ATP level	http://purl.obolibrary.org/obo/CHEBI_15422	ATP	http://purl.obolibrary.org/obo/CL_0000233	platelet	http://purl.obolibrary.org/obo/PATO_0001997	decreased amount	mp	33
http://purl.obolibrary.org/obo/MP_0000208	decreased hematocrit	http://purl.obolibrary.org/obo/CL_0000232	erythrocyte	http://purl.obolibrary.org/obo/UBERON_0000178	blood	http://purl.obolibrary.org/obo/PATO_0001997	decreased amount	mp	33
http://purl.obolibrary.org/obo/MP_0004725	decreased platelet serotonin level	http://purl.obolibrary.org/obo/CHEBI_28790	serotonin	http://purl.obolibrary.org/obo/CL_0000233	platelet	http://purl.obolibrary.org/obo/PATO_0001997	decreased amount	mp	33
http://purl.obolibrary.org/obo/MP_0011053	decreased respiratory motile cilia number	http://purl.obolibrary.org/obo/GO_0031514	motile cilium	http://purl.obolibrary.org/obo/CL_0002368	respiratory epithelial cell	http://purl.obolibrary.org/obo/PATO_0001997	decreased amount	mp	33
http://purl.obolibrary.org/obo/MP_0005113	decreased spinal cord ventral horn cell number	http://purl.obolibrary.org/obo/CL_0000100	motor neuron	http://purl.obolibrary.org/obo/UBERON_0002240	spinal cord	http://purl.obolibrary.org/obo/PATO_0001997	decreased amount	mp	33
http://purl.obolibrary.org/obo/MP_0004517	decreased vestibular hair cell stereocilia number	http://purl.obolibrary.org/obo/GO_0032420	stereocilium	http://purl.obolibrary.org/obo/CL_0000609	vestibular hair cell	http://purl.obolibrary.org/obo/PATO_0001997	decreased amount	mp	33
http://purl.obolibrary.org/obo/MP_0009971	decreased hippocampus pyramidal cell number	http://purl.obolibrary.org/obo/CL_0000598	pyramidal neuron	http://purl.obolibrary.org/obo/UBERON_0001954	Ammon's horn	http://purl.obolibrary.org/obo/PATO_0001997	decreased amount	mp	33
http://purl.obolibrary.org/obo/MP_0008436	decreased somatotroph secretory granule number	http://purl.obolibrary.org/obo/GO_0030141	secretory granule	http://purl.obolibrary.org/obo/CL_0000295	somatotropin secreting cell	http://purl.obolibrary.org/obo/PATO_0001997	decreased amount	mp	33
http://purl.obolibrary.org/obo/MP_0009339	decreased splenocyte number	http://purl.obolibrary.org/obo/CL_0000000	cell	http://purl.obolibrary.org/obo/UBERON_0002106	spleen	http://purl.obolibrary.org/obo/PATO_0001997	decreased amount	mp	33
http://purl.obolibrary.org/obo/MP_0009137	decreased brown fat lipid droplet number	http://purl.obolibrary.org/obo/GO_0005811	lipid droplet	http://purl.obolibrary.org/obo/UBERON_0001348	brown adipose tissue	http://purl.obolibrary.org/obo/PATO_0001997	decreased amount	mp	33
http://purl.obolibrary.org/obo/MP_0002052	decreased tumor incidence	http://purl.obolibrary.org/obo/MPATH_218	neoplasm	http://purl.obolibrary.org/obo/UBERON_0000468	multicellular organism	http://purl.obolibrary.org/obo/PATO_0001997	decreased amount	mp	33
http://purl.obolibrary.org/obo/MP_0003028	alkalosis	http://purl.obolibrary.org/obo/CHEBI_37527	acid	http://purl.obolibrary.org/obo/UBERON_0006314	bodily fluid	http://purl.obolibrary.org/obo/PATO_0001997	decreased amount	mp	33
http://purl.obolibrary.org/obo/MP_0001807	decreased IgA level	http://purl.obolibrary.org/obo/GO_0071746	IgA immunoglobulin complex, circulating	http://purl.obolibrary.org/obo/UBERON_0000178	blood	http://purl.obolibrary.org/obo/PATO_0001997	decreased amount	mp	33
http://purl.obolibrary.org/obo/MP_0002491	decreased IgD level	http://purl.obolibrary.org/obo/GO_0071739	IgD immunoglobulin complex, circulating	http://purl.obolibrary.org/obo/UBERON_0000178	blood	http://purl.obolibrary.org/obo/PATO_0001997	decreased amount	mp	33
http://purl.obolibrary.org/obo/MP_0002492	decreased IgE level	http://purl.obolibrary.org/obo/GO_0071743	IgE immunoglobulin complex, circulating	http://purl.obolibrary.org/obo/UBERON_0000178	blood	http://purl.obolibrary.org/obo/PATO_0001997	decreased amount	mp	33
http://purl.obolibrary.org/obo/MP_0001806	decreased IgM level	http://purl.obolibrary.org/obo/GO_0071754	IgM immunoglobulin complex, circulating	http://purl.obolibrary.org/obo/UBERON_0000178	blood	http://purl.obolibrary.org/obo/PATO_0001997	decreased amount	mp	33
http://purl.obolibrary.org/obo/MP_0001805	decreased IgG level	http://purl.obolibrary.org/obo/GO_0071736	IgG immunoglobulin complex, circulating	http://purl.obolibrary.org/obo/UBERON_0000178	blood	http://purl.obolibrary.org/obo/PATO_0001997	decreased amount	mp	33
http://purl.obolibrary.org/obo/MP_0009974	decreased cerebral cortex pyramidal cell number	http://purl.obolibrary.org/obo/CL_0000598	pyramidal neuron	http://purl.obolibrary.org/obo/UBERON_0000956	cerebral cortex	http://purl.obolibrary.org/obo/PATO_0001997	decreased amount	mp	33
http://purl.obolibrary.org/obo/MP_0010091	decreased circulating creatine kinase level	http://purl.obolibrary.org/obo/GO_0002185	creatine kinase complex	http://purl.obolibrary.org/obo/UBERON_0000178	blood	http://purl.obolibrary.org/obo/PATO_0001997	decreased amount	mp	33
http://purl.obolibrary.org/obo/MP_0012370	decreased erythrocyte potassium level	http://purl.obolibrary.org/obo/CHEBI_26216	potassium atom	http://purl.obolibrary.org/obo/CL_0000232	erythrocyte	http://purl.obolibrary.org/obo/PATO_0001997	decreased amount	mp	33
http://purl.obolibrary.org/obo/MP_0008618	decreased circulating interleukin-12 level	http://purl.obolibrary.org/obo/GO_0043514	interleukin-12 complex	http://purl.obolibrary.org/obo/UBERON_0000178	blood	http://purl.obolibrary.org/obo/PATO_0001997	decreased amount	mp	33
http://purl.obolibrary.org/obo/MP_0008621	decreased circulating interleukin-23 level	http://purl.obolibrary.org/obo/GO_0070743	interleukin-23 complex	http://purl.obolibrary.org/obo/UBERON_0000178	blood	http://purl.obolibrary.org/obo/PATO_0001997	decreased amount	mp	33
http://purl.obolibrary.org/obo/MP_0004523	decreased cochlear hair cell stereocilia number	http://purl.obolibrary.org/obo/GO_0032420	stereocilium	http://purl.obolibrary.org/obo/CL_0000202	auditory hair cell	http://purl.obolibrary.org/obo/PATO_0001997	decreased amount	mp	33
http://purl.obolibrary.org/obo/MP_0013413	abnormal myeloid cell number in bone marrow	http://purl.obolibrary.org/obo/CL_0000763	myeloid cell	http://purl.obolibrary.org/obo/UBERON_0002371	bone marrow	http://purl.obolibrary.org/obo/PATO_0000070	amount	mp	23
http://purl.obolibrary.org/obo/MP_0010213	abnormal circulating fibrinogen level	http://purl.obolibrary.org/obo/GO_0005577	fibrinogen complex	http://purl.obolibrary.org/obo/UBERON_0000178	blood	http://purl.obolibrary.org/obo/PATO_0000070	amount	mp	23
http://purl.obolibrary.org/obo/MP_0020902	abnormal middle ear goblet cell number	http://purl.obolibrary.org/obo/CL_0000160	goblet cell	http://purl.obolibrary.org/obo/UBERON_0015813	middle ear epithelium	http://purl.obolibrary.org/obo/PATO_0000070	amount	mp	23
http://purl.obolibrary.org/obo/MP_0001589	abnormal mean corpuscular hemoglobin	http://purl.obolibrary.org/obo/CHEBI_35143	hemoglobin	http://purl.obolibrary.org/obo/CL_0000595	enucleate erythrocyte	http://purl.obolibrary.org/obo/PATO_0000070	amount	mp	23
http://purl.obolibrary.org/obo/MP_0002490	abnormal immunoglobulin level	http://purl.obolibrary.org/obo/GO_0042571	immunoglobulin complex, circulating	http://purl.obolibrary.org/obo/UBERON_0000178	blood	http://purl.obolibrary.org/obo/PATO_0000070	amount	mp	23
http://purl.obolibrary.org/obo/MP_0012369	abnormal erythrocyte potassium level	http://purl.obolibrary.org/obo/CHEBI_26216	potassium atom	http://purl.obolibrary.org/obo/CL_0000232	erythrocyte	http://purl.obolibrary.org/obo/PATO_0000070	amount	mp	23
http://purl.obolibrary.org/obo/MP_0008619	abnormal circulating interleukin-23 level	http://purl.obolibrary.org/obo/GO_0070743	interleukin-23 complex	http://purl.obolibrary.org/obo/UBERON_0000178	blood	http://purl.obolibrary.org/obo/PATO_0000070	amount	mp	23
http://purl.obolibrary.org/obo/MP_0008616	abnormal circulating interleukin-12 level	http://purl.obolibrary.org/obo/GO_0043514	interleukin-12 complex	http://purl.obolibrary.org/obo/UBERON_0000178	blood	http://purl.obolibrary.org/obo/PATO_0000070	amount	mp	23
http://purl.obolibrary.org/obo/MP_0020174	abnormal IgG level	http://purl.obolibrary.org/obo/GO_0071736	IgG immunoglobulin complex, circulating	http://purl.obolibrary.org/obo/UBERON_0000178	blood	http://purl.obolibrary.org/obo/PATO_0000070	amount	mp	23
http://purl.obolibrary.org/obo/MP_0010089	abnormal circulating creatine kinase level	http://purl.obolibrary.org/obo/GO_0002185	creatine kinase complex	http://purl.obolibrary.org/obo/UBERON_0000178	blood	http://purl.obolibrary.org/obo/PATO_0000070	amount	mp	23
http://purl.obolibrary.org/obo/MP_0009134	abnormal brown fat lipid droplet number	http://purl.obolibrary.org/obo/GO_0005811	lipid droplet	http://purl.obolibrary.org/obo/UBERON_0001348	brown adipose tissue	http://purl.obolibrary.org/obo/PATO_0000070	amount	mp	23
http://purl.obolibrary.org/obo/MP_0005040	abnormal MHC II cell surface expression on macrophages	http://purl.obolibrary.org/obo/GO_0042613	MHC class II protein complex	http://purl.obolibrary.org/obo/CL_0000235	macrophage	http://purl.obolibrary.org/obo/PATO_0000070	amount	mp	23
http://purl.obolibrary.org/obo/MP_0020180	abnormal IgM level	http://purl.obolibrary.org/obo/GO_0071754	IgM immunoglobulin complex, circulating	http://purl.obolibrary.org/obo/UBERON_0000178	blood	http://purl.obolibrary.org/obo/PATO_0000070	amount	mp	23
http://purl.obolibrary.org/obo/MP_0009447	abnormal platelet ATP level	http://purl.obolibrary.org/obo/CHEBI_15422	ATP	http://purl.obolibrary.org/obo/CL_0000233	platelet	http://purl.obolibrary.org/obo/PATO_0000070	amount	mp	23
http://purl.obolibrary.org/obo/MP_0020173	abnormal IgE level	http://purl.obolibrary.org/obo/GO_0071743	IgE immunoglobulin complex, circulating	http://purl.obolibrary.org/obo/UBERON_0000178	blood	http://purl.obolibrary.org/obo/PATO_0000070	amount	mp	23
http://purl.obolibrary.org/obo/MP_0020172	abnormal IgD level	http://purl.obolibrary.org/obo/GO_0071739	IgD immunoglobulin complex, circulating	http://purl.obolibrary.org/obo/UBERON_0000178	blood	http://purl.obolibrary.org/obo/PATO_0000070	amount	mp	23
http://purl.obolibrary.org/obo/MP_0020171	abnormal IgA level	http://purl.obolibrary.org/obo/GO_0071746	IgA immunoglobulin complex, circulating	http://purl.obolibrary.org/obo/UBERON_0000178	blood	http://purl.obolibrary.org/obo/PATO_0000070	amount	mp	23
http://purl.obolibrary.org/obo/MP_0009556	abnormal platelet ADP level	http://purl.obolibrary.org/obo/CHEBI_16761	ADP	http://purl.obolibrary.org/obo/CL_0000233	platelet	http://purl.obolibrary.org/obo/PATO_0000070	amount	mp	23
http://purl.obolibrary.org/obo/MP_0004723	abnormal platelet serotonin level	http://purl.obolibrary.org/obo/CHEBI_28790	serotonin	http://purl.obolibrary.org/obo/CL_0000233	platelet	http://purl.obolibrary.org/obo/PATO_0000070	amount	mp	23
http://purl.obolibrary.org/obo/MP_0004865	abnormal platelet calcium level	http://purl.obolibrary.org/obo/CHEBI_22984	calcium atom	http://purl.obolibrary.org/obo/CL_0000233	platelet	http://purl.obolibrary.org/obo/PATO_0000070	amount	mp	23
http://purl.obolibrary.org/obo/MP_0001213	abnormal skin cell number	http://purl.obolibrary.org/obo/GO_0005623	cell	http://purl.obolibrary.org/obo/UBERON_0000014	zone of skin	http://purl.obolibrary.org/obo/PATO_0000070	amount	mp	23
http://purl.obolibrary.org/obo/MP_0011538	abnormal urine hormone level	http://purl.obolibrary.org/obo/CHEBI_24621	hormone	http://purl.obolibrary.org/obo/UBERON_0001088	urine	http://purl.obolibrary.org/obo/PATO_0000070	amount	mp	23
http://purl.obolibrary.org/obo/MP_0009337	abnormal splenocyte number	http://purl.obolibrary.org/obo/GO_0005623	cell	http://purl.obolibrary.org/obo/UBERON_0002106	spleen	http://purl.obolibrary.org/obo/PATO_0000070	amount	mp	23
http://purl.obolibrary.org/obo/MP_0011064	abnormal vestibular hair cell kinocilium morphology	http://purl.obolibrary.org/obo/GO_0060091	kinocilium	http://purl.obolibrary.org/obo/CL_0000609	vestibular hair cell	http://purl.obolibrary.org/obo/PATO_0000051	morphology	mp	6
http://purl.obolibrary.org/obo/MP_0009332	abnormal splenocyte morphology	http://purl.obolibrary.org/obo/GO_0005623	cell	http://purl.obolibrary.org/obo/UBERON_0002106	spleen	http://purl.obolibrary.org/obo/PATO_0000051	morphology	mp	6
http://purl.obolibrary.org/obo/MP_0011059	abnormal ependyma motile cilium morphology	http://purl.obolibrary.org/obo/GO_0031514	motile cilium	http://purl.obolibrary.org/obo/CL_0000065	ependymal cell	http://purl.obolibrary.org/obo/PATO_0000051	morphology	mp	6
http://purl.obolibrary.org/obo/MP_0020901	abnormal middle ear goblet cell morphology	http://purl.obolibrary.org/obo/CL_0000160	goblet cell	http://purl.obolibrary.org/obo/UBERON_0015813	middle ear epithelium	http://purl.obolibrary.org/obo/PATO_0000051	morphology	mp	6
http://purl.obolibrary.org/obo/MP_0011050	abnormal respiratory motile cilium morphology	http://purl.obolibrary.org/obo/GO_0031514	motile cilium	http://purl.obolibrary.org/obo/CL_0002368	respiratory epithelial cell	http://purl.obolibrary.org/obo/PATO_0000051	morphology	mp	6
http://purl.obolibrary.org/obo/MP_0011644	abnormal oviduct epithelium motile cilium morphology	http://purl.obolibrary.org/obo/GO_0031514	motile cilium	http://purl.obolibrary.org/obo/UBERON_0007589	ciliated columnar oviduct epithelium	http://purl.obolibrary.org/obo/PATO_0000051	morphology	mp	6
http://purl.obolibrary.org/obo/MP_0013624	decreased femur compact bone thickness	http://purl.obolibrary.org/obo/UBERON_0016422	compact bone of long bone	http://purl.obolibrary.org/obo/UBERON_0000981	femur	http://purl.obolibrary.org/obo/PATO_0000592	decreased thickness	mp	2
http://purl.obolibrary.org/obo/MP_0030279	thin neurocranium	http://purl.obolibrary.org/obo/UBERON_0001703	neurocranium	http://purl.obolibrary.org/obo/UBERON_0003128	cranium	http://purl.obolibrary.org/obo/PATO_0000592	decreased thickness	mp	2
http://purl.obolibrary.org/obo/MP_0009838	abnormal sperm axoneme morphology	http://purl.obolibrary.org/obo/GO_0005930	axoneme	http://purl.obolibrary.org/obo/CL_0000019	sperm	http://purl.obolibrary.org/obo/PATO_0000001	quality	mp	2
http://purl.obolibrary.org/obo/MP_0009160	abnormal pancreatic acinar cell zymogen granule morphology	http://purl.obolibrary.org/obo/GO_0042588	zymogen granule	http://purl.obolibrary.org/obo/CL_0002064	pancreatic acinar cell	http://purl.obolibrary.org/obo/PATO_0000001	quality	mp	2
http://purl.obolibrary.org/obo/MP_0013620	increased internal diameter of femur	http://purl.obolibrary.org/obo/UBERON_0002484	bone marrow cavity	http://purl.obolibrary.org/obo/UBERON_0000981	femur	http://purl.obolibrary.org/obo/PATO_0001714	increased diameter	mp	1
http://purl.obolibrary.org/obo/MP_0013621	decreased internal diameter of femur	http://purl.obolibrary.org/obo/UBERON_0002484	bone marrow cavity	http://purl.obolibrary.org/obo/UBERON_0000981	femur	http://purl.obolibrary.org/obo/PATO_0001715	decreased diameter	mp	1
http://purl.obolibrary.org/obo/MP_0013631	decreased bone trabecular spacing	http://purl.obolibrary.org/obo/UBERON_0000440	trabecula	http://purl.obolibrary.org/obo/UBERON_0001474	bone element	http://purl.obolibrary.org/obo/PATO_0001671	increased distribution	mp	1
http://purl.obolibrary.org/obo/MP_0010012	ectopic cerebral cortex pyramidal cells	http://purl.obolibrary.org/obo/CL_0000598	pyramidal neuron	http://purl.obolibrary.org/obo/UBERON_0000956	cerebral cortex	http://purl.obolibrary.org/obo/PATO_0000628	mislocalised	mp	1
http://purl.obolibrary.org/obo/MP_0013630	increased bone trabecular spacing	http://purl.obolibrary.org/obo/UBERON_0000440	trabecula	http://purl.obolibrary.org/obo/UBERON_0001474	bone element	http://purl.obolibrary.org/obo/PATO_0001672	decreased distribution	mp	1
http://purl.obolibrary.org/obo/MP_0005526	decreased renal plasma flow rate	http://purl.obolibrary.org/obo/UBERON_0001969	blood plasma	http://purl.obolibrary.org/obo/UBERON_0002113	kidney	http://purl.obolibrary.org/obo/PATO_0001838	decreased fluid flow	mp	1
http://purl.obolibrary.org/obo/MP_0030496	taurodontia	http://purl.obolibrary.org/obo/UBERON_0001754	dental pulp	http://purl.obolibrary.org/obo/UBERON_0003655	molar tooth	http://purl.obolibrary.org/obo/PATO_0000595	increased volume	mp	1
http://purl.obolibrary.org/obo/MP_0013629	abnormal bone trabecular spacing	http://purl.obolibrary.org/obo/UBERON_0000440	trabecula	http://purl.obolibrary.org/obo/UBERON_0001474	bone element	http://purl.obolibrary.org/obo/PATO_0001566	distributed	mp	1
http://purl.obolibrary.org/obo/MP_0013622	abnormal femur compact bone thickness	http://purl.obolibrary.org/obo/UBERON_0016422	compact bone of long bone	http://purl.obolibrary.org/obo/UBERON_0000981	femur	http://purl.obolibrary.org/obo/PATO_0000915	thickness	mp	1
http://purl.obolibrary.org/obo/MP_0012019	abnormal oviduct epithelium motile cilium physiology	http://purl.obolibrary.org/obo/GO_0031514	motile cilium	http://purl.obolibrary.org/obo/UBERON_0007589	ciliated columnar oviduct epithelium	http://purl.obolibrary.org/obo/PATO_0001509	functionality	mp	1
http://purl.obolibrary.org/obo/MP_0013619	abnormal long bone internal diameter	http://purl.obolibrary.org/obo/UBERON_0002484	bone marrow cavity	http://purl.obolibrary.org/obo/UBERON_0002495	long bone	http://purl.obolibrary.org/obo/PATO_0001334	diameter	mp	1
http://purl.obolibrary.org/obo/MP_0005525	increased renal plasma flow rate	http://purl.obolibrary.org/obo/UBERON_0001969	blood plasma	http://purl.obolibrary.org/obo/UBERON_0002113	kidney	http://purl.obolibrary.org/obo/PATO_0001839	increased fluid flow	mp	1
http://purl.obolibrary.org/obo/MP_0005524	abnormal renal plasma flow rate	http://purl.obolibrary.org/obo/UBERON_0001969	blood plasma	http://purl.obolibrary.org/obo/UBERON_0002113	kidney	http://purl.obolibrary.org/obo/PATO_0002243	fluid flow rate	mp	1
http://purl.obolibrary.org/obo/MP_0003328	portal hypertension	http://purl.obolibrary.org/obo/UBERON_0000178	blood	http://purl.obolibrary.org/obo/UBERON_0001639	hepatic portal vein	http://purl.obolibrary.org/obo/PATO_0001576	increased pressure	mp	1
