defined_class	defined_class_label	affected_entity_1_sub	affected_entity_1_sub_label	affected_entity_1_super	affected_entity_1_super_label	pato_id	pato_id_label
http://purl.obolibrary.org/obo/XPO_0141515	Y-shaped femur in regenerating hindlimb	http://purl.obolibrary.org/obo/XAO_0003214	femur	http://purl.obolibrary.org/obo/XAO_0004107	regenerating hindlimb	http://purl.obolibrary.org/obo/PATO_0001201	Y-shaped
http://purl.obolibrary.org/obo/XPO_0141516	Y-shaped spike in regenerating hindlimb	http://purl.obolibrary.org/obo/XAO_0004489	spike	http://purl.obolibrary.org/obo/XAO_0004107	regenerating hindlimb	http://purl.obolibrary.org/obo/PATO_0001201	Y-shaped
http://purl.obolibrary.org/obo/XPO_0141564	abnormal apical ectodermal ridge morphology in the hindlimb bud	http://purl.obolibrary.org/obo/XAO_0004121	apical ectodermal ridge	http://purl.obolibrary.org/obo/XAO_0003066	hindlimb bud	http://purl.obolibrary.org/obo/PATO_0000051	morphology
http://purl.obolibrary.org/obo/XPO_0141507	abnormal autopod morphology in the regenerating limb	http://purl.obolibrary.org/obo/XAO_0004265	autopod	http://purl.obolibrary.org/obo/XAO_0004311	regenerating limb	http://purl.obolibrary.org/obo/PATO_0000051	morphology
http://purl.obolibrary.org/obo/XPO_0141554	abnormal blood vessel morphology in the regenerating hindlimb	http://purl.obolibrary.org/obo/XAO_0001011	blood vessel	http://purl.obolibrary.org/obo/XAO_0004107	regenerating hindlimb	http://purl.obolibrary.org/obo/PATO_0000051	morphology
http://purl.obolibrary.org/obo/XPO_0141572	abnormal bone tissue morphology in the hindlimb	http://purl.obolibrary.org/obo/XAO_0000169	bone tissue	http://purl.obolibrary.org/obo/XAO_0003031	hindlimb	http://purl.obolibrary.org/obo/PATO_0000051	morphology
http://purl.obolibrary.org/obo/XPO_0141575	abnormal cartilage element morphology in the hindlimb	http://purl.obolibrary.org/obo/XAO_0004013	cartilage element	http://purl.obolibrary.org/obo/XAO_0003031	hindlimb	http://purl.obolibrary.org/obo/PATO_0000051	morphology
http://purl.obolibrary.org/obo/XPO_0141576	abnormal cartilage element morphology in the regenerating forelimb	http://purl.obolibrary.org/obo/XAO_0004013	cartilage element	http://purl.obolibrary.org/obo/XAO_0004106	regenerating forelimb	http://purl.obolibrary.org/obo/PATO_0000051	morphology
http://purl.obolibrary.org/obo/XPO_0141563	abnormal cartilage element morphology in the regenerating hindlimb	http://purl.obolibrary.org/obo/XAO_0004013	cartilage element	http://purl.obolibrary.org/obo/XAO_0004107	regenerating hindlimb	http://purl.obolibrary.org/obo/PATO_0000051	morphology
http://purl.obolibrary.org/obo/XPO_0141573	abnormal cartilage tissue morphology in the hindlimb	http://purl.obolibrary.org/obo/XAO_0000170	cartilage tissue	http://purl.obolibrary.org/obo/XAO_0003031	hindlimb	http://purl.obolibrary.org/obo/PATO_0000051	morphology
http://purl.obolibrary.org/obo/XPO_0141549	abnormal cartilage tissue morphology in the regenerating forelimb	http://purl.obolibrary.org/obo/XAO_0000170	cartilage tissue	http://purl.obolibrary.org/obo/XAO_0004106	regenerating forelimb	http://purl.obolibrary.org/obo/PATO_0000051	morphology
http://purl.obolibrary.org/obo/XPO_0141550	abnormal cartilage tissue morphology in the regenerating hindlimb	http://purl.obolibrary.org/obo/XAO_0000170	cartilage tissue	http://purl.obolibrary.org/obo/XAO_0004107	regenerating hindlimb	http://purl.obolibrary.org/obo/PATO_0000051	morphology
http://purl.obolibrary.org/obo/XPO_0133432	abnormal cilium morphology in the alimentary system	http://purl.obolibrary.org/obo/XAO_0005008	cilium	http://purl.obolibrary.org/obo/XAO_0000125	alimentary system	http://purl.obolibrary.org/obo/PATO_0000051	morphology
http://purl.obolibrary.org/obo/XPO_0133430	abnormal cilium morphology in the auditory hair cell	http://purl.obolibrary.org/obo/XAO_0005008	cilium	http://purl.obolibrary.org/obo/XAO_0004130	auditory hair cell	http://purl.obolibrary.org/obo/PATO_0000051	morphology
http://purl.obolibrary.org/obo/XPO_0133424	abnormal cilium morphology in the brain	http://purl.obolibrary.org/obo/XAO_0005008	cilium	http://purl.obolibrary.org/obo/XAO_0000010	brain	http://purl.obolibrary.org/obo/PATO_0000051	morphology
http://purl.obolibrary.org/obo/XPO_0133437	abnormal cilium morphology in the ciliated epidermal cell	http://purl.obolibrary.org/obo/XAO_0005008	cilium	http://purl.obolibrary.org/obo/XAO_0000031	ciliated epidermal cell	http://purl.obolibrary.org/obo/PATO_0000051	morphology
http://purl.obolibrary.org/obo/XPO_0133438	abnormal cilium morphology in the ciliated non-epidermal cell	http://purl.obolibrary.org/obo/XAO_0005008	cilium	http://purl.obolibrary.org/obo/XAO_0004517	ciliated non-epidermal cell	http://purl.obolibrary.org/obo/PATO_0000051	morphology
http://purl.obolibrary.org/obo/XPO_0133434	abnormal cilium morphology in the esophagus	http://purl.obolibrary.org/obo/XAO_0005008	cilium	http://purl.obolibrary.org/obo/XAO_0000127	esophagus	http://purl.obolibrary.org/obo/PATO_0000051	morphology
http://purl.obolibrary.org/obo/XPO_0133423	abnormal cilium morphology in the floor plate	http://purl.obolibrary.org/obo/XAO_0005008	cilium	http://purl.obolibrary.org/obo/XAO_0000306	floor plate	http://purl.obolibrary.org/obo/PATO_0000051	morphology
http://purl.obolibrary.org/obo/XPO_0133431	abnormal cilium morphology in the lateral line	http://purl.obolibrary.org/obo/XAO_0005008	cilium	http://purl.obolibrary.org/obo/XAO_0004002	lateral line	http://purl.obolibrary.org/obo/PATO_0000051	morphology
http://purl.obolibrary.org/obo/XPO_0133421	abnormal cilium morphology in the left-right organizer	http://purl.obolibrary.org/obo/XAO_0005008	cilium	http://purl.obolibrary.org/obo/XAO_0005170	left-right organizer	http://purl.obolibrary.org/obo/PATO_0000051	morphology
http://purl.obolibrary.org/obo/XPO_0133435	abnormal cilium morphology in the monociliated cell	http://purl.obolibrary.org/obo/XAO_0005008	cilium	http://purl.obolibrary.org/obo/XAO_0005137	monociliated cell	http://purl.obolibrary.org/obo/PATO_0000051	morphology
http://purl.obolibrary.org/obo/XPO_0133439	abnormal cilium morphology in the monociliated epidermal cell	http://purl.obolibrary.org/obo/XAO_0005008	cilium	http://purl.obolibrary.org/obo/XAO_0005178	monociliated epidermal cell	http://purl.obolibrary.org/obo/PATO_0000051	morphology
http://purl.obolibrary.org/obo/XPO_0133425	abnormal cilium morphology in the mucociliary epithelium	http://purl.obolibrary.org/obo/XAO_0005008	cilium	http://purl.obolibrary.org/obo/XAO_0004393	mucociliary epithelium	http://purl.obolibrary.org/obo/PATO_0000051	morphology
http://purl.obolibrary.org/obo/XPO_0133436	abnormal cilium morphology in the multiciliated cell	http://purl.obolibrary.org/obo/XAO_0005008	cilium	http://purl.obolibrary.org/obo/XAO_0005139	multiciliated cell	http://purl.obolibrary.org/obo/PATO_0000051	morphology
http://purl.obolibrary.org/obo/XPO_0133440	abnormal cilium morphology in the multiciliated epidermal cell	http://purl.obolibrary.org/obo/XAO_0005008	cilium	http://purl.obolibrary.org/obo/XAO_0005179	multiciliated epidermal cell	http://purl.obolibrary.org/obo/PATO_0000051	morphology
http://purl.obolibrary.org/obo/XPO_0133422	abnormal cilium morphology in the neural progenitor cell	http://purl.obolibrary.org/obo/XAO_0005008	cilium	http://purl.obolibrary.org/obo/XAO_0005034	neural progenitor cell	http://purl.obolibrary.org/obo/PATO_0000051	morphology
http://purl.obolibrary.org/obo/XPO_0133429	abnormal cilium morphology in the olfactory pit	http://purl.obolibrary.org/obo/XAO_0005008	cilium	http://purl.obolibrary.org/obo/XAO_0000275	olfactory pit	http://purl.obolibrary.org/obo/PATO_0000051	morphology
http://purl.obolibrary.org/obo/XPO_0133426	abnormal cilium morphology in the pronephric kidney	http://purl.obolibrary.org/obo/XAO_0005008	cilium	http://purl.obolibrary.org/obo/XAO_0002000	pronephric kidney	http://purl.obolibrary.org/obo/PATO_0000051	morphology
http://purl.obolibrary.org/obo/XPO_0133427	abnormal cilium morphology in the pronephric nephrostome	http://purl.obolibrary.org/obo/XAO_0005008	cilium	http://purl.obolibrary.org/obo/XAO_0000062	pronephric nephrostome	http://purl.obolibrary.org/obo/PATO_0000051	morphology
http://purl.obolibrary.org/obo/XPO_0133428	abnormal cilium morphology in the proximal tubule	http://purl.obolibrary.org/obo/XAO_0005008	cilium	http://purl.obolibrary.org/obo/XAO_0004518	proximal tubule	http://purl.obolibrary.org/obo/PATO_0000051	morphology
http://purl.obolibrary.org/obo/XPO_0133433	abnormal cilium morphology in the stomach	http://purl.obolibrary.org/obo/XAO_0005008	cilium	http://purl.obolibrary.org/obo/XAO_0000128	stomach	http://purl.obolibrary.org/obo/PATO_0000051	morphology
http://purl.obolibrary.org/obo/XPO_0141558	abnormal claw morphology in the regenerating hindlimb	http://purl.obolibrary.org/obo/XAO_0003103	claw	http://purl.obolibrary.org/obo/XAO_0004107	regenerating hindlimb	http://purl.obolibrary.org/obo/PATO_0000051	morphology
http://purl.obolibrary.org/obo/XPO_0141568	abnormal digit-joint region morphology in the regenerating forelimb	http://purl.obolibrary.org/obo/XAO_0004314	digit-joint region	http://purl.obolibrary.org/obo/XAO_0004106	regenerating forelimb	http://purl.obolibrary.org/obo/PATO_0000051	morphology
http://purl.obolibrary.org/obo/XPO_0141569	abnormal digit-joint region morphology in the regenerating hindlimb	http://purl.obolibrary.org/obo/XAO_0004314	digit-joint region	http://purl.obolibrary.org/obo/XAO_0004107	regenerating hindlimb	http://purl.obolibrary.org/obo/PATO_0000051	morphology
http://purl.obolibrary.org/obo/XPO_0141577	abnormal distal mesenchyme morphology in the hindlimb bud	http://purl.obolibrary.org/obo/XAO_0004056	distal mesenchyme	http://purl.obolibrary.org/obo/XAO_0003066	hindlimb bud	http://purl.obolibrary.org/obo/PATO_0000051	morphology
http://purl.obolibrary.org/obo/XPO_0141571	abnormal dorsal-ventral axis morphology in the hindlimb zeugopod	http://purl.obolibrary.org/obo/XAO_0005203	dorsal-ventral axis	http://purl.obolibrary.org/obo/XAO_0004298	hindlimb zeugopod	http://purl.obolibrary.org/obo/PATO_0000051	morphology
http://purl.obolibrary.org/obo/XPO_0141510	abnormal epithelial cell morphology in the foregut endoderm	http://purl.obolibrary.org/obo/XAO_0003249	epithelial cell	http://purl.obolibrary.org/obo/XAO_0004513	foregut endoderm	http://purl.obolibrary.org/obo/PATO_0000051	morphology
http://purl.obolibrary.org/obo/XPO_0141562	abnormal femur morphology in the regenerating hindlimb	http://purl.obolibrary.org/obo/XAO_0003214	femur	http://purl.obolibrary.org/obo/XAO_0004107	regenerating hindlimb	http://purl.obolibrary.org/obo/PATO_0000051	morphology
http://purl.obolibrary.org/obo/XPO_0141548	abnormal foot morphology in the regenerating hindlimb	http://purl.obolibrary.org/obo/XAO_0004300	foot	http://purl.obolibrary.org/obo/XAO_0004107	regenerating hindlimb	http://purl.obolibrary.org/obo/PATO_0000051	morphology
http://purl.obolibrary.org/obo/XPO_0141556	abnormal forelimb digit morphology in the regenerating forelimb	http://purl.obolibrary.org/obo/XAO_0003036	forelimb digit	http://purl.obolibrary.org/obo/XAO_0004106	regenerating forelimb	http://purl.obolibrary.org/obo/PATO_0000051	morphology
http://purl.obolibrary.org/obo/XPO_0141566	abnormal hand morphology in the regenerating forelimb	http://purl.obolibrary.org/obo/XAO_0004299	hand	http://purl.obolibrary.org/obo/XAO_0004106	regenerating forelimb	http://purl.obolibrary.org/obo/PATO_0000051	morphology
http://purl.obolibrary.org/obo/XPO_0141547	abnormal hindlimb digit morphology in the regenerating hindlimb	http://purl.obolibrary.org/obo/XAO_0003035	hindlimb digit	http://purl.obolibrary.org/obo/XAO_0004107	regenerating hindlimb	http://purl.obolibrary.org/obo/PATO_0000051	morphology
http://purl.obolibrary.org/obo/XPO_0141565	abnormal hindlimb stylopod morphology in the regenerating hindlimb	http://purl.obolibrary.org/obo/XAO_0004296	hindlimb stylopod	http://purl.obolibrary.org/obo/XAO_0004107	regenerating hindlimb	http://purl.obolibrary.org/obo/PATO_0000051	morphology
http://purl.obolibrary.org/obo/XPO_0141553	abnormal iridophore morphology in the hindlimb bud	http://purl.obolibrary.org/obo/XAO_0000472	iridophore	http://purl.obolibrary.org/obo/XAO_0003066	hindlimb bud	http://purl.obolibrary.org/obo/PATO_0000051	morphology
http://purl.obolibrary.org/obo/XPO_0141551	abnormal joint morphology in the tarsus	http://purl.obolibrary.org/obo/XAO_0000171	joint	http://purl.obolibrary.org/obo/XAO_0003211	tarsus	http://purl.obolibrary.org/obo/PATO_0000051	morphology
http://purl.obolibrary.org/obo/XPO_0141567	abnormal joint region morphology in the femur	http://purl.obolibrary.org/obo/XAO_0004313	joint region	http://purl.obolibrary.org/obo/XAO_0003214	femur	http://purl.obolibrary.org/obo/PATO_0000051	morphology
http://purl.obolibrary.org/obo/XPO_0141578	abnormal joint region morphology in the hindlimb	http://purl.obolibrary.org/obo/XAO_0004313	joint region	http://purl.obolibrary.org/obo/XAO_0003031	hindlimb	http://purl.obolibrary.org/obo/PATO_0000051	morphology
http://purl.obolibrary.org/obo/XPO_0141579	abnormal joint region morphology in the hindlimb zeugopod	http://purl.obolibrary.org/obo/XAO_0004313	joint region	http://purl.obolibrary.org/obo/XAO_0004298	hindlimb zeugopod	http://purl.obolibrary.org/obo/PATO_0000051	morphology
http://purl.obolibrary.org/obo/XPO_0141560	abnormal metatarsus morphology in the regenerating hindlimb	http://purl.obolibrary.org/obo/XAO_0003212	metatarsus	http://purl.obolibrary.org/obo/XAO_0004107	regenerating hindlimb	http://purl.obolibrary.org/obo/PATO_0000051	morphology
http://purl.obolibrary.org/obo/XPO_0141574	abnormal muscle morphology in the hindlimb	http://purl.obolibrary.org/obo/XAO_0000172	muscle	http://purl.obolibrary.org/obo/XAO_0003031	hindlimb	http://purl.obolibrary.org/obo/PATO_0000051	morphology
http://purl.obolibrary.org/obo/XPO_0141552	abnormal nervous system morphology in the hindlimb	http://purl.obolibrary.org/obo/XAO_0000177	nervous system	http://purl.obolibrary.org/obo/XAO_0003031	hindlimb	http://purl.obolibrary.org/obo/PATO_0000051	morphology
http://purl.obolibrary.org/obo/XPO_0141555	abnormal neuron morphology in the regenerating tail	http://purl.obolibrary.org/obo/XAO_0003023	neuron	http://purl.obolibrary.org/obo/XAO_0004108	regenerating tail	http://purl.obolibrary.org/obo/PATO_0000051	morphology
http://purl.obolibrary.org/obo/XPO_0141557	abnormal pelvic girdle morphology in the regenerating hindlimb	http://purl.obolibrary.org/obo/XAO_0003064	pelvic girdle	http://purl.obolibrary.org/obo/XAO_0004107	regenerating hindlimb	http://purl.obolibrary.org/obo/PATO_0000051	morphology
http://purl.obolibrary.org/obo/XPO_0141517	abnormal segmentation of hand in regenerating forelimb	http://purl.obolibrary.org/obo/XAO_0004299	hand	http://purl.obolibrary.org/obo/XAO_0004106	regenerating forelimb	http://purl.obolibrary.org/obo/PATO_0002312	segmented
http://purl.obolibrary.org/obo/XPO_0141508	abnormal stylopod morphology in the regenerating limb	http://purl.obolibrary.org/obo/XAO_0004263	stylopod	http://purl.obolibrary.org/obo/XAO_0004311	regenerating limb	http://purl.obolibrary.org/obo/PATO_0000051	morphology
http://purl.obolibrary.org/obo/XPO_0141559	abnormal tarsus morphology in the regenerating hindlimb	http://purl.obolibrary.org/obo/XAO_0003211	tarsus	http://purl.obolibrary.org/obo/XAO_0004107	regenerating hindlimb	http://purl.obolibrary.org/obo/PATO_0000051	morphology
http://purl.obolibrary.org/obo/XPO_0141561	abnormal tibia-fibula morphology in the regenerating hindlimb	http://purl.obolibrary.org/obo/XAO_0003213	tibia-fibula	http://purl.obolibrary.org/obo/XAO_0004107	regenerating hindlimb	http://purl.obolibrary.org/obo/PATO_0000051	morphology
http://purl.obolibrary.org/obo/XPO_0141509	abnormal zeugopod morphology in the regenerating limb	http://purl.obolibrary.org/obo/XAO_0004264	zeugopod	http://purl.obolibrary.org/obo/XAO_0004311	regenerating limb	http://purl.obolibrary.org/obo/PATO_0000051	morphology
http://purl.obolibrary.org/obo/XPO_0115988	abnormally decreased length of hindlimb digit 1 in regenerating tissue	http://purl.obolibrary.org/obo/XAO_0004239	hindlimb digit 1	http://purl.obolibrary.org/obo/XAO_0004059	regenerating tissue	http://purl.obolibrary.org/obo/PATO_0000574	decreased length
http://purl.obolibrary.org/obo/XPO_0115989	abnormally decreased length of hindlimb digit 2 in regenerating tissue	http://purl.obolibrary.org/obo/XAO_0004412	hindlimb digit 2	http://purl.obolibrary.org/obo/XAO_0004059	regenerating tissue	http://purl.obolibrary.org/obo/PATO_0000574	decreased length
http://purl.obolibrary.org/obo/XPO_0115990	abnormally decreased length of hindlimb digit 3 in regenerating tissue	http://purl.obolibrary.org/obo/XAO_0004413	hindlimb digit 3	http://purl.obolibrary.org/obo/XAO_0004059	regenerating tissue	http://purl.obolibrary.org/obo/PATO_0000574	decreased length
http://purl.obolibrary.org/obo/XPO_0115991	abnormally decreased length of hindlimb digit 4 in regenerating tissue	http://purl.obolibrary.org/obo/XAO_0004414	hindlimb digit 4	http://purl.obolibrary.org/obo/XAO_0004059	regenerating tissue	http://purl.obolibrary.org/obo/PATO_0000574	decreased length
http://purl.obolibrary.org/obo/XPO_0115992	abnormally decreased length of hindlimb digit 5 in regenerating tissue	http://purl.obolibrary.org/obo/XAO_0004415	hindlimb digit 5	http://purl.obolibrary.org/obo/XAO_0004059	regenerating tissue	http://purl.obolibrary.org/obo/PATO_0000574	decreased length
http://purl.obolibrary.org/obo/XPO_0141537	abnormally decreased number of bipolar neuron in the retinal inner plexiform layer	http://purl.obolibrary.org/obo/XAO_0004098	bipolar neuron	http://purl.obolibrary.org/obo/XAO_0003225	retinal inner plexiform layer	http://purl.obolibrary.org/obo/PATO_0001997	decreased amount
http://purl.obolibrary.org/obo/XPO_0141538	abnormally decreased number of bone element in the forelimb	http://purl.obolibrary.org/obo/XAO_0004276	bone element	http://purl.obolibrary.org/obo/XAO_0003030	forelimb	http://purl.obolibrary.org/obo/PATO_0001997	decreased amount
http://purl.obolibrary.org/obo/XPO_0103831	abnormally decreased number of bone element in the forelimb digit	http://purl.obolibrary.org/obo/XAO_0004276	bone element	http://purl.obolibrary.org/obo/XAO_0003036	forelimb digit	http://purl.obolibrary.org/obo/PATO_0001997	decreased amount
http://purl.obolibrary.org/obo/XPO_0141539	abnormally decreased number of bone element in the hindlimb	http://purl.obolibrary.org/obo/XAO_0004276	bone element	http://purl.obolibrary.org/obo/XAO_0003031	hindlimb	http://purl.obolibrary.org/obo/PATO_0001997	decreased amount
http://purl.obolibrary.org/obo/XPO_0103837	abnormally decreased number of bone element in the hindlimb digit	http://purl.obolibrary.org/obo/XAO_0004276	bone element	http://purl.obolibrary.org/obo/XAO_0003035	hindlimb digit	http://purl.obolibrary.org/obo/PATO_0001997	decreased amount
http://purl.obolibrary.org/obo/XPO_0103654	abnormally decreased number of cell in the proximal tubule	http://purl.obolibrary.org/obo/XAO_0003012	cell	http://purl.obolibrary.org/obo/XAO_0004518	proximal tubule	http://purl.obolibrary.org/obo/PATO_0001997	decreased amount
http://purl.obolibrary.org/obo/XPO_0131437	abnormally decreased number of cilium in the alimentary system	http://purl.obolibrary.org/obo/XAO_0005008	cilium	http://purl.obolibrary.org/obo/XAO_0000125	alimentary system	http://purl.obolibrary.org/obo/PATO_0001997	decreased amount
http://purl.obolibrary.org/obo/XPO_0131435	abnormally decreased number of cilium in the auditory hair cell	http://purl.obolibrary.org/obo/XAO_0005008	cilium	http://purl.obolibrary.org/obo/XAO_0004130	auditory hair cell	http://purl.obolibrary.org/obo/PATO_0001997	decreased amount
http://purl.obolibrary.org/obo/XPO_0131429	abnormally decreased number of cilium in the brain	http://purl.obolibrary.org/obo/XAO_0005008	cilium	http://purl.obolibrary.org/obo/XAO_0000010	brain	http://purl.obolibrary.org/obo/PATO_0001997	decreased amount
http://purl.obolibrary.org/obo/XPO_0133471	abnormally decreased number of cilium in the ciliated cell	http://purl.obolibrary.org/obo/XAO_0005008	cilium	http://purl.obolibrary.org/obo/XAO_0005017	ciliated cell	http://purl.obolibrary.org/obo/PATO_0001997	decreased amount
http://purl.obolibrary.org/obo/XPO_0103643	abnormally decreased number of cilium in the ciliated epidermal cell	http://purl.obolibrary.org/obo/XAO_0005008	cilium	http://purl.obolibrary.org/obo/XAO_0000031	ciliated epidermal cell	http://purl.obolibrary.org/obo/PATO_0001997	decreased amount
http://purl.obolibrary.org/obo/XPO_0133473	abnormally decreased number of cilium in the ciliated non-epidermal cell	http://purl.obolibrary.org/obo/XAO_0005008	cilium	http://purl.obolibrary.org/obo/XAO_0004517	ciliated non-epidermal cell	http://purl.obolibrary.org/obo/PATO_0001997	decreased amount
http://purl.obolibrary.org/obo/XPO_0131439	abnormally decreased number of cilium in the esophagus	http://purl.obolibrary.org/obo/XAO_0005008	cilium	http://purl.obolibrary.org/obo/XAO_0000127	esophagus	http://purl.obolibrary.org/obo/PATO_0001997	decreased amount
http://purl.obolibrary.org/obo/XPO_0131428	abnormally decreased number of cilium in the floor plate	http://purl.obolibrary.org/obo/XAO_0005008	cilium	http://purl.obolibrary.org/obo/XAO_0000306	floor plate	http://purl.obolibrary.org/obo/PATO_0001997	decreased amount
http://purl.obolibrary.org/obo/XPO_0131436	abnormally decreased number of cilium in the lateral line	http://purl.obolibrary.org/obo/XAO_0005008	cilium	http://purl.obolibrary.org/obo/XAO_0004002	lateral line	http://purl.obolibrary.org/obo/PATO_0001997	decreased amount
http://purl.obolibrary.org/obo/XPO_0131426	abnormally decreased number of cilium in the left-right organizer	http://purl.obolibrary.org/obo/XAO_0005008	cilium	http://purl.obolibrary.org/obo/XAO_0005170	left-right organizer	http://purl.obolibrary.org/obo/PATO_0001997	decreased amount
http://purl.obolibrary.org/obo/XPO_0133472	abnormally decreased number of cilium in the monociliated cell	http://purl.obolibrary.org/obo/XAO_0005008	cilium	http://purl.obolibrary.org/obo/XAO_0005137	monociliated cell	http://purl.obolibrary.org/obo/PATO_0001997	decreased amount
http://purl.obolibrary.org/obo/XPO_0133474	abnormally decreased number of cilium in the monociliated epidermal cell	http://purl.obolibrary.org/obo/XAO_0005008	cilium	http://purl.obolibrary.org/obo/XAO_0005178	monociliated epidermal cell	http://purl.obolibrary.org/obo/PATO_0001997	decreased amount
http://purl.obolibrary.org/obo/XPO_0131430	abnormally decreased number of cilium in the mucociliary epithelium	http://purl.obolibrary.org/obo/XAO_0005008	cilium	http://purl.obolibrary.org/obo/XAO_0004393	mucociliary epithelium	http://purl.obolibrary.org/obo/PATO_0001997	decreased amount
http://purl.obolibrary.org/obo/XPO_0103644	abnormally decreased number of cilium in the multiciliated cell	http://purl.obolibrary.org/obo/XAO_0005008	cilium	http://purl.obolibrary.org/obo/XAO_0005139	multiciliated cell	http://purl.obolibrary.org/obo/PATO_0001997	decreased amount
http://purl.obolibrary.org/obo/XPO_0133475	abnormally decreased number of cilium in the multiciliated epidermal cell	http://purl.obolibrary.org/obo/XAO_0005008	cilium	http://purl.obolibrary.org/obo/XAO_0005179	multiciliated epidermal cell	http://purl.obolibrary.org/obo/PATO_0001997	decreased amount
http://purl.obolibrary.org/obo/XPO_0131427	abnormally decreased number of cilium in the neural progenitor cell	http://purl.obolibrary.org/obo/XAO_0005008	cilium	http://purl.obolibrary.org/obo/XAO_0005034	neural progenitor cell	http://purl.obolibrary.org/obo/PATO_0001997	decreased amount
http://purl.obolibrary.org/obo/XPO_0131434	abnormally decreased number of cilium in the olfactory pit	http://purl.obolibrary.org/obo/XAO_0005008	cilium	http://purl.obolibrary.org/obo/XAO_0000275	olfactory pit	http://purl.obolibrary.org/obo/PATO_0001997	decreased amount
http://purl.obolibrary.org/obo/XPO_0131431	abnormally decreased number of cilium in the pronephric kidney	http://purl.obolibrary.org/obo/XAO_0005008	cilium	http://purl.obolibrary.org/obo/XAO_0002000	pronephric kidney	http://purl.obolibrary.org/obo/PATO_0001997	decreased amount
http://purl.obolibrary.org/obo/XPO_0131432	abnormally decreased number of cilium in the pronephric nephrostome	http://purl.obolibrary.org/obo/XAO_0005008	cilium	http://purl.obolibrary.org/obo/XAO_0000062	pronephric nephrostome	http://purl.obolibrary.org/obo/PATO_0001997	decreased amount
http://purl.obolibrary.org/obo/XPO_0131433	abnormally decreased number of cilium in the proximal tubule	http://purl.obolibrary.org/obo/XAO_0005008	cilium	http://purl.obolibrary.org/obo/XAO_0004518	proximal tubule	http://purl.obolibrary.org/obo/PATO_0001997	decreased amount
http://purl.obolibrary.org/obo/XPO_0131438	abnormally decreased number of cilium in the stomach	http://purl.obolibrary.org/obo/XAO_0005008	cilium	http://purl.obolibrary.org/obo/XAO_0000128	stomach	http://purl.obolibrary.org/obo/PATO_0001997	decreased amount
http://purl.obolibrary.org/obo/XPO_0141535	abnormally decreased number of claw in the regenerating hindlimb	http://purl.obolibrary.org/obo/XAO_0003103	claw	http://purl.obolibrary.org/obo/XAO_0004107	regenerating hindlimb	http://purl.obolibrary.org/obo/PATO_0001997	decreased amount
http://purl.obolibrary.org/obo/XPO_0103833	abnormally decreased number of digit-joint region in the regenerating forelimb	http://purl.obolibrary.org/obo/XAO_0004314	digit-joint region	http://purl.obolibrary.org/obo/XAO_0004106	regenerating forelimb	http://purl.obolibrary.org/obo/PATO_0001997	decreased amount
http://purl.obolibrary.org/obo/XPO_0103839	abnormally decreased number of digit-joint region in the regenerating hindlimb	http://purl.obolibrary.org/obo/XAO_0004314	digit-joint region	http://purl.obolibrary.org/obo/XAO_0004107	regenerating hindlimb	http://purl.obolibrary.org/obo/PATO_0001997	decreased amount
http://purl.obolibrary.org/obo/XPO_0103646	abnormally decreased number of filamentous actin in the blastocoel roof	http://purl.obolibrary.org/obo/GO_0031941	filamentous actin	http://purl.obolibrary.org/obo/XAO_0000207	blastocoel roof	http://purl.obolibrary.org/obo/PATO_0001997	decreased amount
http://purl.obolibrary.org/obo/XPO_0103645	abnormally decreased number of filopodium in the dermatome	http://purl.obolibrary.org/obo/XAO_0005255	filopodium	http://purl.obolibrary.org/obo/XAO_0000220	dermatome	http://purl.obolibrary.org/obo/PATO_0001997	decreased amount
http://purl.obolibrary.org/obo/XPO_0103832	abnormally decreased number of forelimb digit in the regenerating forelimb	http://purl.obolibrary.org/obo/XAO_0003036	forelimb digit	http://purl.obolibrary.org/obo/XAO_0004106	regenerating forelimb	http://purl.obolibrary.org/obo/PATO_0001997	decreased amount
http://purl.obolibrary.org/obo/XPO_0103838	abnormally decreased number of hindlimb digit in the regenerating hindlimb	http://purl.obolibrary.org/obo/XAO_0003035	hindlimb digit	http://purl.obolibrary.org/obo/XAO_0004107	regenerating hindlimb	http://purl.obolibrary.org/obo/PATO_0001997	decreased amount
http://purl.obolibrary.org/obo/XPO_0141395	abnormally decreased number of melanophore in the dorsal fin	http://purl.obolibrary.org/obo/XAO_0001014	melanophore	http://purl.obolibrary.org/obo/XAO_0004063	dorsal fin	http://purl.obolibrary.org/obo/PATO_0001997	decreased amount
http://purl.obolibrary.org/obo/XPO_0141396	abnormally decreased number of melanophore in the epidermis	http://purl.obolibrary.org/obo/XAO_0001014	melanophore	http://purl.obolibrary.org/obo/XAO_0000028	epidermis	http://purl.obolibrary.org/obo/PATO_0001997	decreased amount
http://purl.obolibrary.org/obo/XPO_0141397	abnormally decreased number of melanophore in the eye	http://purl.obolibrary.org/obo/XAO_0001014	melanophore	http://purl.obolibrary.org/obo/XAO_0000179	eye	http://purl.obolibrary.org/obo/PATO_0001997	decreased amount
http://purl.obolibrary.org/obo/XPO_0141399	abnormally decreased number of melanophore in the head	http://purl.obolibrary.org/obo/XAO_0001014	melanophore	http://purl.obolibrary.org/obo/XAO_0003024	head	http://purl.obolibrary.org/obo/PATO_0001997	decreased amount
http://purl.obolibrary.org/obo/XPO_0141398	abnormally decreased number of melanophore in the optic nerve	http://purl.obolibrary.org/obo/XAO_0001014	melanophore	http://purl.obolibrary.org/obo/XAO_0000188	optic nerve	http://purl.obolibrary.org/obo/PATO_0001997	decreased amount
http://purl.obolibrary.org/obo/XPO_0141400	abnormally decreased number of melanophore in the optic stalk	http://purl.obolibrary.org/obo/XAO_0001014	melanophore	http://purl.obolibrary.org/obo/XAO_0000475	optic stalk	http://purl.obolibrary.org/obo/PATO_0001997	decreased amount
http://purl.obolibrary.org/obo/XPO_0141394	abnormally decreased number of melanophore in the retinal pigmented epithelium	http://purl.obolibrary.org/obo/XAO_0001014	melanophore	http://purl.obolibrary.org/obo/XAO_0003217	retinal pigmented epithelium	http://purl.obolibrary.org/obo/PATO_0001997	decreased amount
http://purl.obolibrary.org/obo/XPO_0130956	abnormally decreased number of melanophore in the tail	http://purl.obolibrary.org/obo/XAO_0001014	melanophore	http://purl.obolibrary.org/obo/XAO_0003026	tail	http://purl.obolibrary.org/obo/PATO_0001997	decreased amount
http://purl.obolibrary.org/obo/XPO_0103649	abnormally decreased number of melanophore in the trunk region	http://purl.obolibrary.org/obo/XAO_0001014	melanophore	http://purl.obolibrary.org/obo/XAO_0000054	trunk region	http://purl.obolibrary.org/obo/PATO_0001997	decreased amount
http://purl.obolibrary.org/obo/XPO_0103834	abnormally decreased number of metacarpus in the regenerating forelimb	http://purl.obolibrary.org/obo/XAO_0003208	metacarpus	http://purl.obolibrary.org/obo/XAO_0004106	regenerating forelimb	http://purl.obolibrary.org/obo/PATO_0001997	decreased amount
http://purl.obolibrary.org/obo/XPO_0130958	abnormally decreased number of migratory neural crest cell in the trunk	http://purl.obolibrary.org/obo/XAO_0004069	migratory neural crest cell	http://purl.obolibrary.org/obo/XAO_0003025	trunk	http://purl.obolibrary.org/obo/PATO_0001997	decreased amount
http://purl.obolibrary.org/obo/XPO_0103651	abnormally decreased number of multiciliated cell in the epidermis outer layer	http://purl.obolibrary.org/obo/XAO_0005139	multiciliated cell	http://purl.obolibrary.org/obo/XAO_0000029	epidermis outer layer	http://purl.obolibrary.org/obo/PATO_0001997	decreased amount
http://purl.obolibrary.org/obo/XPO_0141533	abnormally decreased number of muscle in the forelimb	http://purl.obolibrary.org/obo/XAO_0000172	muscle	http://purl.obolibrary.org/obo/XAO_0003030	forelimb	http://purl.obolibrary.org/obo/PATO_0001997	decreased amount
http://purl.obolibrary.org/obo/XPO_0141534	abnormally decreased number of muscle in the hindlimb	http://purl.obolibrary.org/obo/XAO_0000172	muscle	http://purl.obolibrary.org/obo/XAO_0003031	hindlimb	http://purl.obolibrary.org/obo/PATO_0001997	decreased amount
http://purl.obolibrary.org/obo/XPO_0103652	abnormally decreased number of neural progenitor cell in the optic tectum	http://purl.obolibrary.org/obo/XAO_0005034	neural progenitor cell	http://purl.obolibrary.org/obo/XAO_0003226	optic tectum	http://purl.obolibrary.org/obo/PATO_0001997	decreased amount
http://purl.obolibrary.org/obo/XPO_0103653	abnormally decreased number of neuron in the optic tectum	http://purl.obolibrary.org/obo/XAO_0003023	neuron	http://purl.obolibrary.org/obo/XAO_0003226	optic tectum	http://purl.obolibrary.org/obo/PATO_0001997	decreased amount
http://purl.obolibrary.org/obo/XPO_0103836	abnormally decreased number of skeletal element in the regenerating forelimb	http://purl.obolibrary.org/obo/XAO_0004012	skeletal element	http://purl.obolibrary.org/obo/XAO_0004106	regenerating forelimb	http://purl.obolibrary.org/obo/PATO_0001997	decreased amount
http://purl.obolibrary.org/obo/XPO_0103841	abnormally decreased number of skeletal element in the regenerating hindlimb	http://purl.obolibrary.org/obo/XAO_0004012	skeletal element	http://purl.obolibrary.org/obo/XAO_0004107	regenerating hindlimb	http://purl.obolibrary.org/obo/PATO_0001997	decreased amount
http://purl.obolibrary.org/obo/XPO_0141506	abnormally decreased number of skeletal element in the regenerating limb	http://purl.obolibrary.org/obo/XAO_0004012	skeletal element	http://purl.obolibrary.org/obo/XAO_0004311	regenerating limb	http://purl.obolibrary.org/obo/PATO_0001997	decreased amount
http://purl.obolibrary.org/obo/XPO_0130957	abnormally decreased number of somite in the trunk	http://purl.obolibrary.org/obo/XAO_0000058	somite	http://purl.obolibrary.org/obo/XAO_0003025	trunk	http://purl.obolibrary.org/obo/PATO_0001997	decreased amount
http://purl.obolibrary.org/obo/XPO_0103647	abnormally decreased number of trabecula in the heart	http://purl.obolibrary.org/obo/XAO_0004469	trabecula	http://purl.obolibrary.org/obo/XAO_0000064	heart	http://purl.obolibrary.org/obo/PATO_0001997	decreased amount
http://purl.obolibrary.org/obo/XPO_0103397	abnormally increased number of bone element in the forelimb	http://purl.obolibrary.org/obo/XAO_0004276	bone element	http://purl.obolibrary.org/obo/XAO_0003030	forelimb	http://purl.obolibrary.org/obo/PATO_0000470	increased amount
http://purl.obolibrary.org/obo/XPO_0103400	abnormally increased number of bone element in the hindlimb	http://purl.obolibrary.org/obo/XAO_0004276	bone element	http://purl.obolibrary.org/obo/XAO_0003031	hindlimb	http://purl.obolibrary.org/obo/PATO_0000470	increased amount
http://purl.obolibrary.org/obo/XPO_0103402	abnormally increased number of cartilage element in the forelimb	http://purl.obolibrary.org/obo/XAO_0004013	cartilage element	http://purl.obolibrary.org/obo/XAO_0003030	forelimb	http://purl.obolibrary.org/obo/PATO_0000470	increased amount
http://purl.obolibrary.org/obo/XPO_0103401	abnormally increased number of cartilage element in the hindlimb	http://purl.obolibrary.org/obo/XAO_0004013	cartilage element	http://purl.obolibrary.org/obo/XAO_0003031	hindlimb	http://purl.obolibrary.org/obo/PATO_0000470	increased amount
http://purl.obolibrary.org/obo/XPO_0103407	abnormally increased number of cartilage element in the regenerating forelimb	http://purl.obolibrary.org/obo/XAO_0004013	cartilage element	http://purl.obolibrary.org/obo/XAO_0004106	regenerating forelimb	http://purl.obolibrary.org/obo/PATO_0000470	increased amount
http://purl.obolibrary.org/obo/XPO_0103406	abnormally increased number of cartilage element in the regenerating hindlimb	http://purl.obolibrary.org/obo/XAO_0004013	cartilage element	http://purl.obolibrary.org/obo/XAO_0004107	regenerating hindlimb	http://purl.obolibrary.org/obo/PATO_0000470	increased amount
http://purl.obolibrary.org/obo/XPO_0131421	abnormally increased number of cilium in the alimentary system	http://purl.obolibrary.org/obo/XAO_0005008	cilium	http://purl.obolibrary.org/obo/XAO_0000125	alimentary system	http://purl.obolibrary.org/obo/PATO_0000470	increased amount
http://purl.obolibrary.org/obo/XPO_0131419	abnormally increased number of cilium in the auditory hair cell	http://purl.obolibrary.org/obo/XAO_0005008	cilium	http://purl.obolibrary.org/obo/XAO_0004130	auditory hair cell	http://purl.obolibrary.org/obo/PATO_0000470	increased amount
http://purl.obolibrary.org/obo/XPO_0131413	abnormally increased number of cilium in the brain	http://purl.obolibrary.org/obo/XAO_0005008	cilium	http://purl.obolibrary.org/obo/XAO_0000010	brain	http://purl.obolibrary.org/obo/PATO_0000470	increased amount
http://purl.obolibrary.org/obo/XPO_0133441	abnormally increased number of cilium in the ciliated cell	http://purl.obolibrary.org/obo/XAO_0005008	cilium	http://purl.obolibrary.org/obo/XAO_0005017	ciliated cell	http://purl.obolibrary.org/obo/PATO_0000470	increased amount
http://purl.obolibrary.org/obo/XPO_0133444	abnormally increased number of cilium in the ciliated epidermal cell	http://purl.obolibrary.org/obo/XAO_0005008	cilium	http://purl.obolibrary.org/obo/XAO_0000031	ciliated epidermal cell	http://purl.obolibrary.org/obo/PATO_0000470	increased amount
http://purl.obolibrary.org/obo/XPO_0133445	abnormally increased number of cilium in the ciliated non-epidermal cell	http://purl.obolibrary.org/obo/XAO_0005008	cilium	http://purl.obolibrary.org/obo/XAO_0004517	ciliated non-epidermal cell	http://purl.obolibrary.org/obo/PATO_0000470	increased amount
http://purl.obolibrary.org/obo/XPO_0131423	abnormally increased number of cilium in the esophagus	http://purl.obolibrary.org/obo/XAO_0005008	cilium	http://purl.obolibrary.org/obo/XAO_0000127	esophagus	http://purl.obolibrary.org/obo/PATO_0000470	increased amount
http://purl.obolibrary.org/obo/XPO_0131412	abnormally increased number of cilium in the floor plate	http://purl.obolibrary.org/obo/XAO_0005008	cilium	http://purl.obolibrary.org/obo/XAO_0000306	floor plate	http://purl.obolibrary.org/obo/PATO_0000470	increased amount
http://purl.obolibrary.org/obo/XPO_0131420	abnormally increased number of cilium in the lateral line	http://purl.obolibrary.org/obo/XAO_0005008	cilium	http://purl.obolibrary.org/obo/XAO_0004002	lateral line	http://purl.obolibrary.org/obo/PATO_0000470	increased amount
http://purl.obolibrary.org/obo/XPO_0131410	abnormally increased number of cilium in the left-right organizer	http://purl.obolibrary.org/obo/XAO_0005008	cilium	http://purl.obolibrary.org/obo/XAO_0005170	left-right organizer	http://purl.obolibrary.org/obo/PATO_0000470	increased amount
http://purl.obolibrary.org/obo/XPO_0133442	abnormally increased number of cilium in the monociliated cell	http://purl.obolibrary.org/obo/XAO_0005008	cilium	http://purl.obolibrary.org/obo/XAO_0005137	monociliated cell	http://purl.obolibrary.org/obo/PATO_0000470	increased amount
http://purl.obolibrary.org/obo/XPO_0133446	abnormally increased number of cilium in the monociliated epidermal cell	http://purl.obolibrary.org/obo/XAO_0005008	cilium	http://purl.obolibrary.org/obo/XAO_0005178	monociliated epidermal cell	http://purl.obolibrary.org/obo/PATO_0000470	increased amount
http://purl.obolibrary.org/obo/XPO_0131414	abnormally increased number of cilium in the mucociliary epithelium	http://purl.obolibrary.org/obo/XAO_0005008	cilium	http://purl.obolibrary.org/obo/XAO_0004393	mucociliary epithelium	http://purl.obolibrary.org/obo/PATO_0000470	increased amount
http://purl.obolibrary.org/obo/XPO_0133443	abnormally increased number of cilium in the multiciliated cell	http://purl.obolibrary.org/obo/XAO_0005008	cilium	http://purl.obolibrary.org/obo/XAO_0005139	multiciliated cell	http://purl.obolibrary.org/obo/PATO_0000470	increased amount
http://purl.obolibrary.org/obo/XPO_0133447	abnormally increased number of cilium in the multiciliated epidermal cell	http://purl.obolibrary.org/obo/XAO_0005008	cilium	http://purl.obolibrary.org/obo/XAO_0005179	multiciliated epidermal cell	http://purl.obolibrary.org/obo/PATO_0000470	increased amount
http://purl.obolibrary.org/obo/XPO_0131411	abnormally increased number of cilium in the neural progenitor cell	http://purl.obolibrary.org/obo/XAO_0005008	cilium	http://purl.obolibrary.org/obo/XAO_0005034	neural progenitor cell	http://purl.obolibrary.org/obo/PATO_0000470	increased amount
http://purl.obolibrary.org/obo/XPO_0131418	abnormally increased number of cilium in the olfactory pit	http://purl.obolibrary.org/obo/XAO_0005008	cilium	http://purl.obolibrary.org/obo/XAO_0000275	olfactory pit	http://purl.obolibrary.org/obo/PATO_0000470	increased amount
http://purl.obolibrary.org/obo/XPO_0131415	abnormally increased number of cilium in the pronephric kidney	http://purl.obolibrary.org/obo/XAO_0005008	cilium	http://purl.obolibrary.org/obo/XAO_0002000	pronephric kidney	http://purl.obolibrary.org/obo/PATO_0000470	increased amount
http://purl.obolibrary.org/obo/XPO_0131416	abnormally increased number of cilium in the pronephric nephrostome	http://purl.obolibrary.org/obo/XAO_0005008	cilium	http://purl.obolibrary.org/obo/XAO_0000062	pronephric nephrostome	http://purl.obolibrary.org/obo/PATO_0000470	increased amount
http://purl.obolibrary.org/obo/XPO_0131417	abnormally increased number of cilium in the proximal tubule	http://purl.obolibrary.org/obo/XAO_0005008	cilium	http://purl.obolibrary.org/obo/XAO_0004518	proximal tubule	http://purl.obolibrary.org/obo/PATO_0000470	increased amount
http://purl.obolibrary.org/obo/XPO_0131422	abnormally increased number of cilium in the stomach	http://purl.obolibrary.org/obo/XAO_0005008	cilium	http://purl.obolibrary.org/obo/XAO_0000128	stomach	http://purl.obolibrary.org/obo/PATO_0000470	increased amount
http://purl.obolibrary.org/obo/XPO_0103408	abnormally increased number of claw of hindlimb digit 1 in the regenerating hindlimb	http://purl.obolibrary.org/obo/XAO_0004417	claw of hindlimb digit 1	http://purl.obolibrary.org/obo/XAO_0004107	regenerating hindlimb	http://purl.obolibrary.org/obo/PATO_0000470	increased amount
http://purl.obolibrary.org/obo/XPO_0103409	abnormally increased number of claw of hindlimb digit 2 in the regenerating hindlimb	http://purl.obolibrary.org/obo/XAO_0004418	claw of hindlimb digit 2	http://purl.obolibrary.org/obo/XAO_0004107	regenerating hindlimb	http://purl.obolibrary.org/obo/PATO_0000470	increased amount
http://purl.obolibrary.org/obo/XPO_0103410	abnormally increased number of claw of hindlimb digit 3 in the regenerating hindlimb	http://purl.obolibrary.org/obo/XAO_0004419	claw of hindlimb digit 3	http://purl.obolibrary.org/obo/XAO_0004107	regenerating hindlimb	http://purl.obolibrary.org/obo/PATO_0000470	increased amount
http://purl.obolibrary.org/obo/XPO_0103411	abnormally increased number of claw of hindlimb digit 4 in the regenerating hindlimb	http://purl.obolibrary.org/obo/XAO_0004420	claw of hindlimb digit 4	http://purl.obolibrary.org/obo/XAO_0004107	regenerating hindlimb	http://purl.obolibrary.org/obo/PATO_0000470	increased amount
http://purl.obolibrary.org/obo/XPO_0103412	abnormally increased number of claw of hindlimb digit 5 in the regenerating hindlimb	http://purl.obolibrary.org/obo/XAO_0004421	claw of hindlimb digit 5	http://purl.obolibrary.org/obo/XAO_0004107	regenerating hindlimb	http://purl.obolibrary.org/obo/PATO_0000470	increased amount
http://purl.obolibrary.org/obo/XPO_0103398	abnormally increased number of dense core granule in the goblet cell	http://purl.obolibrary.org/obo/GO_0031045	dense core granule	http://purl.obolibrary.org/obo/XAO_0004392	goblet cell	http://purl.obolibrary.org/obo/PATO_0000470	increased amount
http://purl.obolibrary.org/obo/XPO_0103396	abnormally increased number of filamentous actin in the blastocoel roof	http://purl.obolibrary.org/obo/GO_0031941	filamentous actin	http://purl.obolibrary.org/obo/XAO_0000207	blastocoel roof	http://purl.obolibrary.org/obo/PATO_0000470	increased amount
http://purl.obolibrary.org/obo/XPO_0103609	abnormally increased number of forelimb digit in the regenerating forelimb	http://purl.obolibrary.org/obo/XAO_0003036	forelimb digit	http://purl.obolibrary.org/obo/XAO_0004106	regenerating forelimb	http://purl.obolibrary.org/obo/PATO_0000470	increased amount
http://purl.obolibrary.org/obo/XPO_0103413	abnormally increased number of hindlimb digit in the regenerating hindlimb	http://purl.obolibrary.org/obo/XAO_0003035	hindlimb digit	http://purl.obolibrary.org/obo/XAO_0004107	regenerating hindlimb	http://purl.obolibrary.org/obo/PATO_0000470	increased amount
http://purl.obolibrary.org/obo/XPO_0141545	abnormally increased number of iridophore in the epidermis	http://purl.obolibrary.org/obo/XAO_0000472	iridophore	http://purl.obolibrary.org/obo/XAO_0000028	epidermis	http://purl.obolibrary.org/obo/PATO_0000470	increased amount
http://purl.obolibrary.org/obo/XPO_0103399	abnormally increased number of iridophore in the hindlimb bud	http://purl.obolibrary.org/obo/XAO_0000472	iridophore	http://purl.obolibrary.org/obo/XAO_0003066	hindlimb bud	http://purl.obolibrary.org/obo/PATO_0000470	increased amount
http://purl.obolibrary.org/obo/XPO_0141388	abnormally increased number of melanophore in the dorsal fin	http://purl.obolibrary.org/obo/XAO_0001014	melanophore	http://purl.obolibrary.org/obo/XAO_0004063	dorsal fin	http://purl.obolibrary.org/obo/PATO_0000470	increased amount
http://purl.obolibrary.org/obo/XPO_0141389	abnormally increased number of melanophore in the epidermis	http://purl.obolibrary.org/obo/XAO_0001014	melanophore	http://purl.obolibrary.org/obo/XAO_0000028	epidermis	http://purl.obolibrary.org/obo/PATO_0000470	increased amount
http://purl.obolibrary.org/obo/XPO_0141390	abnormally increased number of melanophore in the eye	http://purl.obolibrary.org/obo/XAO_0001014	melanophore	http://purl.obolibrary.org/obo/XAO_0000179	eye	http://purl.obolibrary.org/obo/PATO_0000470	increased amount
http://purl.obolibrary.org/obo/XPO_0141392	abnormally increased number of melanophore in the head	http://purl.obolibrary.org/obo/XAO_0001014	melanophore	http://purl.obolibrary.org/obo/XAO_0003024	head	http://purl.obolibrary.org/obo/PATO_0000470	increased amount
http://purl.obolibrary.org/obo/XPO_0141391	abnormally increased number of melanophore in the optic nerve	http://purl.obolibrary.org/obo/XAO_0001014	melanophore	http://purl.obolibrary.org/obo/XAO_0000188	optic nerve	http://purl.obolibrary.org/obo/PATO_0000470	increased amount
http://purl.obolibrary.org/obo/XPO_0141393	abnormally increased number of melanophore in the optic stalk	http://purl.obolibrary.org/obo/XAO_0001014	melanophore	http://purl.obolibrary.org/obo/XAO_0000475	optic stalk	http://purl.obolibrary.org/obo/PATO_0000470	increased amount
http://purl.obolibrary.org/obo/XPO_0141387	abnormally increased number of melanophore in the retinal pigmented epithelium	http://purl.obolibrary.org/obo/XAO_0001014	melanophore	http://purl.obolibrary.org/obo/XAO_0003217	retinal pigmented epithelium	http://purl.obolibrary.org/obo/PATO_0000470	increased amount
http://purl.obolibrary.org/obo/XPO_0103403	abnormally increased number of multiciliated cell in the epidermis inner layer	http://purl.obolibrary.org/obo/XAO_0005139	multiciliated cell	http://purl.obolibrary.org/obo/XAO_0000041	epidermis inner layer	http://purl.obolibrary.org/obo/PATO_0000470	increased amount
http://purl.obolibrary.org/obo/XPO_0103404	abnormally increased number of neural progenitor cell in the optic tectum	http://purl.obolibrary.org/obo/XAO_0005034	neural progenitor cell	http://purl.obolibrary.org/obo/XAO_0003226	optic tectum	http://purl.obolibrary.org/obo/PATO_0000470	increased amount
http://purl.obolibrary.org/obo/XPO_0103405	abnormally increased number of neuron in the optic tectum	http://purl.obolibrary.org/obo/XAO_0003023	neuron	http://purl.obolibrary.org/obo/XAO_0003226	optic tectum	http://purl.obolibrary.org/obo/PATO_0000470	increased amount
http://purl.obolibrary.org/obo/XPO_0141546	abnormally increased number of spike in the regenerating hindlimb	http://purl.obolibrary.org/obo/XAO_0004489	spike	http://purl.obolibrary.org/obo/XAO_0004107	regenerating hindlimb	http://purl.obolibrary.org/obo/PATO_0000470	increased amount
http://purl.obolibrary.org/obo/XPO_0103414	abnormally increased number of vacuole in the spermatozoon	http://purl.obolibrary.org/obo/GO_0005773	vacuole	http://purl.obolibrary.org/obo/XAO_0003147	spermatozoon	http://purl.obolibrary.org/obo/PATO_0000470	increased amount
http://purl.obolibrary.org/obo/XPO_0116091	abnormally increased variability of size of cell in endoderm	http://purl.obolibrary.org/obo/XAO_0003012	cell	http://purl.obolibrary.org/obo/XAO_0000090	endoderm	http://purl.obolibrary.org/obo/PATO_0001958	increased variability of size
http://purl.obolibrary.org/obo/XPO_0141590	abnormally localised bipolar neuron in retinal ganglion cell layer	http://purl.obolibrary.org/obo/XAO_0004098	bipolar neuron	http://purl.obolibrary.org/obo/XAO_0003223	retinal ganglion cell layer	http://purl.obolibrary.org/obo/PATO_0000628	mislocalised
http://purl.obolibrary.org/obo/XPO_0141591	abnormally localised cilium in gastrocoel roof plate	http://purl.obolibrary.org/obo/XAO_0005008	cilium	http://purl.obolibrary.org/obo/XAO_0000094	gastrocoel roof plate	http://purl.obolibrary.org/obo/PATO_0000628	mislocalised
http://purl.obolibrary.org/obo/XPO_0141589	abnormally localised eye photoreceptor cell in retinal inner nuclear layer	http://purl.obolibrary.org/obo/XAO_0004110	eye photoreceptor cell	http://purl.obolibrary.org/obo/XAO_0003221	retinal inner nuclear layer	http://purl.obolibrary.org/obo/PATO_0000628	mislocalised
http://purl.obolibrary.org/obo/XPO_0141427	abnormally localised melanophore in dorsal fin	http://purl.obolibrary.org/obo/XAO_0001014	melanophore	http://purl.obolibrary.org/obo/XAO_0004063	dorsal fin	http://purl.obolibrary.org/obo/PATO_0000628	mislocalised
http://purl.obolibrary.org/obo/XPO_0141428	abnormally localised melanophore in epidermis	http://purl.obolibrary.org/obo/XAO_0001014	melanophore	http://purl.obolibrary.org/obo/XAO_0000028	epidermis	http://purl.obolibrary.org/obo/PATO_0000628	mislocalised
http://purl.obolibrary.org/obo/XPO_0141429	abnormally localised melanophore in eye	http://purl.obolibrary.org/obo/XAO_0001014	melanophore	http://purl.obolibrary.org/obo/XAO_0000179	eye	http://purl.obolibrary.org/obo/PATO_0000628	mislocalised
http://purl.obolibrary.org/obo/XPO_0141431	abnormally localised melanophore in head	http://purl.obolibrary.org/obo/XAO_0001014	melanophore	http://purl.obolibrary.org/obo/XAO_0003024	head	http://purl.obolibrary.org/obo/PATO_0000628	mislocalised
http://purl.obolibrary.org/obo/XPO_0141430	abnormally localised melanophore in optic nerve	http://purl.obolibrary.org/obo/XAO_0001014	melanophore	http://purl.obolibrary.org/obo/XAO_0000188	optic nerve	http://purl.obolibrary.org/obo/PATO_0000628	mislocalised
http://purl.obolibrary.org/obo/XPO_0141432	abnormally localised melanophore in optic stalk	http://purl.obolibrary.org/obo/XAO_0001014	melanophore	http://purl.obolibrary.org/obo/XAO_0000475	optic stalk	http://purl.obolibrary.org/obo/PATO_0000628	mislocalised
http://purl.obolibrary.org/obo/XPO_0141426	abnormally localised melanophore in retinal pigmented epithelium	http://purl.obolibrary.org/obo/XAO_0001014	melanophore	http://purl.obolibrary.org/obo/XAO_0003217	retinal pigmented epithelium	http://purl.obolibrary.org/obo/PATO_0000628	mislocalised
http://purl.obolibrary.org/obo/XPO_0141588	abnormally localised microtubule in epithelial cell	http://purl.obolibrary.org/obo/XAO_0005122	microtubule	http://purl.obolibrary.org/obo/XAO_0003249	epithelial cell	http://purl.obolibrary.org/obo/PATO_0000628	mislocalised
http://purl.obolibrary.org/obo/XPO_0141587	abnormally localised mitotic spindle in epithelial cell	http://purl.obolibrary.org/obo/XAO_0005009	mitotic spindle	http://purl.obolibrary.org/obo/XAO_0003249	epithelial cell	http://purl.obolibrary.org/obo/PATO_0000628	mislocalised
http://purl.obolibrary.org/obo/XPO_0141511	abnormally localised nucleus in myoblast	http://purl.obolibrary.org/obo/XAO_0005038	nucleus	http://purl.obolibrary.org/obo/XAO_0003015	myoblast	http://purl.obolibrary.org/obo/PATO_0000628	mislocalised
http://purl.obolibrary.org/obo/XPO_0141586	abnormally localised nucleus in myotome	http://purl.obolibrary.org/obo/XAO_0005038	nucleus	http://purl.obolibrary.org/obo/XAO_0000315	myotome	http://purl.obolibrary.org/obo/PATO_0000628	mislocalised
http://purl.obolibrary.org/obo/XPO_0103680	absent blood in the heart	http://purl.obolibrary.org/obo/XAO_0000124	blood	http://purl.obolibrary.org/obo/XAO_0000064	heart	http://purl.obolibrary.org/obo/PATO_0000462	absent
http://purl.obolibrary.org/obo/XPO_0103681	absent cardinal vein in the tail	http://purl.obolibrary.org/obo/XAO_0000052	cardinal vein	http://purl.obolibrary.org/obo/XAO_0003026	tail	http://purl.obolibrary.org/obo/PATO_0000462	absent
http://purl.obolibrary.org/obo/XPO_0103682	absent cartilage element in the branchial arch	http://purl.obolibrary.org/obo/XAO_0004013	cartilage element	http://purl.obolibrary.org/obo/XAO_0000099	branchial arch	http://purl.obolibrary.org/obo/PATO_0000462	absent
http://purl.obolibrary.org/obo/XPO_0131451	absent cilium in the alimentary system	http://purl.obolibrary.org/obo/XAO_0005008	cilium	http://purl.obolibrary.org/obo/XAO_0000125	alimentary system	http://purl.obolibrary.org/obo/PATO_0000462	absent
http://purl.obolibrary.org/obo/XPO_0131449	absent cilium in the auditory hair cell	http://purl.obolibrary.org/obo/XAO_0005008	cilium	http://purl.obolibrary.org/obo/XAO_0004130	auditory hair cell	http://purl.obolibrary.org/obo/PATO_0000462	absent
http://purl.obolibrary.org/obo/XPO_0131443	absent cilium in the brain	http://purl.obolibrary.org/obo/XAO_0005008	cilium	http://purl.obolibrary.org/obo/XAO_0000010	brain	http://purl.obolibrary.org/obo/PATO_0000462	absent
http://purl.obolibrary.org/obo/XPO_0133478	absent cilium in the ciliated epidermal cell	http://purl.obolibrary.org/obo/XAO_0005008	cilium	http://purl.obolibrary.org/obo/XAO_0000031	ciliated epidermal cell	http://purl.obolibrary.org/obo/PATO_0000462	absent
http://purl.obolibrary.org/obo/XPO_0133479	absent cilium in the ciliated non-epidermal cell	http://purl.obolibrary.org/obo/XAO_0005008	cilium	http://purl.obolibrary.org/obo/XAO_0004517	ciliated non-epidermal cell	http://purl.obolibrary.org/obo/PATO_0000462	absent
http://purl.obolibrary.org/obo/XPO_0131453	absent cilium in the esophagus	http://purl.obolibrary.org/obo/XAO_0005008	cilium	http://purl.obolibrary.org/obo/XAO_0000127	esophagus	http://purl.obolibrary.org/obo/PATO_0000462	absent
http://purl.obolibrary.org/obo/XPO_0131442	absent cilium in the floor plate	http://purl.obolibrary.org/obo/XAO_0005008	cilium	http://purl.obolibrary.org/obo/XAO_0000306	floor plate	http://purl.obolibrary.org/obo/PATO_0000462	absent
http://purl.obolibrary.org/obo/XPO_0131450	absent cilium in the lateral line	http://purl.obolibrary.org/obo/XAO_0005008	cilium	http://purl.obolibrary.org/obo/XAO_0004002	lateral line	http://purl.obolibrary.org/obo/PATO_0000462	absent
http://purl.obolibrary.org/obo/XPO_0131440	absent cilium in the left-right organizer	http://purl.obolibrary.org/obo/XAO_0005008	cilium	http://purl.obolibrary.org/obo/XAO_0005170	left-right organizer	http://purl.obolibrary.org/obo/PATO_0000462	absent
http://purl.obolibrary.org/obo/XPO_0133476	absent cilium in the monociliated cell	http://purl.obolibrary.org/obo/XAO_0005008	cilium	http://purl.obolibrary.org/obo/XAO_0005137	monociliated cell	http://purl.obolibrary.org/obo/PATO_0000462	absent
http://purl.obolibrary.org/obo/XPO_0133480	absent cilium in the monociliated epidermal cell	http://purl.obolibrary.org/obo/XAO_0005008	cilium	http://purl.obolibrary.org/obo/XAO_0005178	monociliated epidermal cell	http://purl.obolibrary.org/obo/PATO_0000462	absent
http://purl.obolibrary.org/obo/XPO_0131444	absent cilium in the mucociliary epithelium	http://purl.obolibrary.org/obo/XAO_0005008	cilium	http://purl.obolibrary.org/obo/XAO_0004393	mucociliary epithelium	http://purl.obolibrary.org/obo/PATO_0000462	absent
http://purl.obolibrary.org/obo/XPO_0133477	absent cilium in the multiciliated cell	http://purl.obolibrary.org/obo/XAO_0005008	cilium	http://purl.obolibrary.org/obo/XAO_0005139	multiciliated cell	http://purl.obolibrary.org/obo/PATO_0000462	absent
http://purl.obolibrary.org/obo/XPO_0133481	absent cilium in the multiciliated epidermal cell	http://purl.obolibrary.org/obo/XAO_0005008	cilium	http://purl.obolibrary.org/obo/XAO_0005179	multiciliated epidermal cell	http://purl.obolibrary.org/obo/PATO_0000462	absent
http://purl.obolibrary.org/obo/XPO_0131441	absent cilium in the neural progenitor cell	http://purl.obolibrary.org/obo/XAO_0005008	cilium	http://purl.obolibrary.org/obo/XAO_0005034	neural progenitor cell	http://purl.obolibrary.org/obo/PATO_0000462	absent
http://purl.obolibrary.org/obo/XPO_0131448	absent cilium in the olfactory pit	http://purl.obolibrary.org/obo/XAO_0005008	cilium	http://purl.obolibrary.org/obo/XAO_0000275	olfactory pit	http://purl.obolibrary.org/obo/PATO_0000462	absent
http://purl.obolibrary.org/obo/XPO_0131445	absent cilium in the pronephric kidney	http://purl.obolibrary.org/obo/XAO_0005008	cilium	http://purl.obolibrary.org/obo/XAO_0002000	pronephric kidney	http://purl.obolibrary.org/obo/PATO_0000462	absent
http://purl.obolibrary.org/obo/XPO_0131446	absent cilium in the pronephric nephrostome	http://purl.obolibrary.org/obo/XAO_0005008	cilium	http://purl.obolibrary.org/obo/XAO_0000062	pronephric nephrostome	http://purl.obolibrary.org/obo/PATO_0000462	absent
http://purl.obolibrary.org/obo/XPO_0131447	absent cilium in the proximal tubule	http://purl.obolibrary.org/obo/XAO_0005008	cilium	http://purl.obolibrary.org/obo/XAO_0004518	proximal tubule	http://purl.obolibrary.org/obo/PATO_0000462	absent
http://purl.obolibrary.org/obo/XPO_0131452	absent cilium in the stomach	http://purl.obolibrary.org/obo/XAO_0005008	cilium	http://purl.obolibrary.org/obo/XAO_0000128	stomach	http://purl.obolibrary.org/obo/PATO_0000462	absent
http://purl.obolibrary.org/obo/XPO_0141521	absent claw in the regenerating hindlimb	http://purl.obolibrary.org/obo/XAO_0003103	claw	http://purl.obolibrary.org/obo/XAO_0004107	regenerating hindlimb	http://purl.obolibrary.org/obo/PATO_0000462	absent
http://purl.obolibrary.org/obo/XPO_0141530	absent claw of hindlimb digit 4 in the regenerating hindlimb	http://purl.obolibrary.org/obo/XAO_0004420	claw of hindlimb digit 4	http://purl.obolibrary.org/obo/XAO_0004107	regenerating hindlimb	http://purl.obolibrary.org/obo/PATO_0000462	absent
http://purl.obolibrary.org/obo/XPO_0141531	absent claw of hindlimb digit 5 in the regenerating hindlimb	http://purl.obolibrary.org/obo/XAO_0004421	claw of hindlimb digit 5	http://purl.obolibrary.org/obo/XAO_0004107	regenerating hindlimb	http://purl.obolibrary.org/obo/PATO_0000462	absent
http://purl.obolibrary.org/obo/XPO_0103688	absent digit-joint region in the forelimb digit 2	http://purl.obolibrary.org/obo/XAO_0004314	digit-joint region	http://purl.obolibrary.org/obo/XAO_0004478	forelimb digit 2	http://purl.obolibrary.org/obo/PATO_0000462	absent
http://purl.obolibrary.org/obo/XPO_0103689	absent digit-joint region in the forelimb digit 3	http://purl.obolibrary.org/obo/XAO_0004314	digit-joint region	http://purl.obolibrary.org/obo/XAO_0004479	forelimb digit 3	http://purl.obolibrary.org/obo/PATO_0000462	absent
http://purl.obolibrary.org/obo/XPO_0103690	absent digit-joint region in the forelimb digit 4	http://purl.obolibrary.org/obo/XAO_0004314	digit-joint region	http://purl.obolibrary.org/obo/XAO_0004480	forelimb digit 4	http://purl.obolibrary.org/obo/PATO_0000462	absent
http://purl.obolibrary.org/obo/XPO_0103691	absent digit-joint region in the forelimb digit 5	http://purl.obolibrary.org/obo/XAO_0004314	digit-joint region	http://purl.obolibrary.org/obo/XAO_0004481	forelimb digit 5	http://purl.obolibrary.org/obo/PATO_0000462	absent
http://purl.obolibrary.org/obo/XPO_0103683	absent digit-joint region in the hindlimb digit 1	http://purl.obolibrary.org/obo/XAO_0004314	digit-joint region	http://purl.obolibrary.org/obo/XAO_0004239	hindlimb digit 1	http://purl.obolibrary.org/obo/PATO_0000462	absent
http://purl.obolibrary.org/obo/XPO_0103684	absent digit-joint region in the hindlimb digit 2	http://purl.obolibrary.org/obo/XAO_0004314	digit-joint region	http://purl.obolibrary.org/obo/XAO_0004412	hindlimb digit 2	http://purl.obolibrary.org/obo/PATO_0000462	absent
http://purl.obolibrary.org/obo/XPO_0103685	absent digit-joint region in the hindlimb digit 3	http://purl.obolibrary.org/obo/XAO_0004314	digit-joint region	http://purl.obolibrary.org/obo/XAO_0004413	hindlimb digit 3	http://purl.obolibrary.org/obo/PATO_0000462	absent
http://purl.obolibrary.org/obo/XPO_0103686	absent digit-joint region in the hindlimb digit 4	http://purl.obolibrary.org/obo/XAO_0004314	digit-joint region	http://purl.obolibrary.org/obo/XAO_0004414	hindlimb digit 4	http://purl.obolibrary.org/obo/PATO_0000462	absent
http://purl.obolibrary.org/obo/XPO_0103687	absent digit-joint region in the hindlimb digit 5	http://purl.obolibrary.org/obo/XAO_0004314	digit-joint region	http://purl.obolibrary.org/obo/XAO_0004415	hindlimb digit 5	http://purl.obolibrary.org/obo/PATO_0000462	absent
http://purl.obolibrary.org/obo/XPO_0141526	absent foot in the regenerating hindlimb	http://purl.obolibrary.org/obo/XAO_0004300	foot	http://purl.obolibrary.org/obo/XAO_0004107	regenerating hindlimb	http://purl.obolibrary.org/obo/PATO_0000462	absent
http://purl.obolibrary.org/obo/XPO_0139710	absent gall bladder in the left side	http://purl.obolibrary.org/obo/XAO_0000135	gall bladder	http://purl.obolibrary.org/obo/XAO_0005210	left side	http://purl.obolibrary.org/obo/PATO_0000462	absent
http://purl.obolibrary.org/obo/XPO_0141525	absent hand in the regenerating forelimb	http://purl.obolibrary.org/obo/XAO_0004299	hand	http://purl.obolibrary.org/obo/XAO_0004106	regenerating forelimb	http://purl.obolibrary.org/obo/PATO_0000462	absent
http://purl.obolibrary.org/obo/XPO_0141524	absent hindlimb digit 1 in the regenerating hindlimb	http://purl.obolibrary.org/obo/XAO_0004239	hindlimb digit 1	http://purl.obolibrary.org/obo/XAO_0004107	regenerating hindlimb	http://purl.obolibrary.org/obo/PATO_0000462	absent
http://purl.obolibrary.org/obo/XPO_0141528	absent hindlimb digit 2 in the regenerating hindlimb	http://purl.obolibrary.org/obo/XAO_0004412	hindlimb digit 2	http://purl.obolibrary.org/obo/XAO_0004107	regenerating hindlimb	http://purl.obolibrary.org/obo/PATO_0000462	absent
http://purl.obolibrary.org/obo/XPO_0141529	absent hindlimb digit 3 in the regenerating hindlimb	http://purl.obolibrary.org/obo/XAO_0004413	hindlimb digit 3	http://purl.obolibrary.org/obo/XAO_0004107	regenerating hindlimb	http://purl.obolibrary.org/obo/PATO_0000462	absent
http://purl.obolibrary.org/obo/XPO_0141532	absent hindlimb zeugopod in the regenerating hindlimb	http://purl.obolibrary.org/obo/XAO_0004298	hindlimb zeugopod	http://purl.obolibrary.org/obo/XAO_0004107	regenerating hindlimb	http://purl.obolibrary.org/obo/PATO_0000462	absent
http://purl.obolibrary.org/obo/XPO_0141381	absent melanophore in the dorsal fin	http://purl.obolibrary.org/obo/XAO_0001014	melanophore	http://purl.obolibrary.org/obo/XAO_0004063	dorsal fin	http://purl.obolibrary.org/obo/PATO_0000462	absent
http://purl.obolibrary.org/obo/XPO_0141382	absent melanophore in the epidermis	http://purl.obolibrary.org/obo/XAO_0001014	melanophore	http://purl.obolibrary.org/obo/XAO_0000028	epidermis	http://purl.obolibrary.org/obo/PATO_0000462	absent
http://purl.obolibrary.org/obo/XPO_0141383	absent melanophore in the eye	http://purl.obolibrary.org/obo/XAO_0001014	melanophore	http://purl.obolibrary.org/obo/XAO_0000179	eye	http://purl.obolibrary.org/obo/PATO_0000462	absent
http://purl.obolibrary.org/obo/XPO_0141385	absent melanophore in the head	http://purl.obolibrary.org/obo/XAO_0001014	melanophore	http://purl.obolibrary.org/obo/XAO_0003024	head	http://purl.obolibrary.org/obo/PATO_0000462	absent
http://purl.obolibrary.org/obo/XPO_0141384	absent melanophore in the optic nerve	http://purl.obolibrary.org/obo/XAO_0001014	melanophore	http://purl.obolibrary.org/obo/XAO_0000188	optic nerve	http://purl.obolibrary.org/obo/PATO_0000462	absent
http://purl.obolibrary.org/obo/XPO_0141386	absent melanophore in the optic stalk	http://purl.obolibrary.org/obo/XAO_0001014	melanophore	http://purl.obolibrary.org/obo/XAO_0000475	optic stalk	http://purl.obolibrary.org/obo/PATO_0000462	absent
http://purl.obolibrary.org/obo/XPO_0141380	absent melanophore in the retinal pigmented epithelium	http://purl.obolibrary.org/obo/XAO_0001014	melanophore	http://purl.obolibrary.org/obo/XAO_0003217	retinal pigmented epithelium	http://purl.obolibrary.org/obo/PATO_0000462	absent
http://purl.obolibrary.org/obo/XPO_0130960	absent melanophore in the tail	http://purl.obolibrary.org/obo/XAO_0001014	melanophore	http://purl.obolibrary.org/obo/XAO_0003026	tail	http://purl.obolibrary.org/obo/PATO_0000462	absent
http://purl.obolibrary.org/obo/XPO_0130961	absent melanophore in the trunk	http://purl.obolibrary.org/obo/XAO_0001014	melanophore	http://purl.obolibrary.org/obo/XAO_0003025	trunk	http://purl.obolibrary.org/obo/PATO_0000462	absent
http://purl.obolibrary.org/obo/XPO_0139711	absent outflow tract in the left side	http://purl.obolibrary.org/obo/XAO_0004139	outflow tract	http://purl.obolibrary.org/obo/XAO_0005210	left side	http://purl.obolibrary.org/obo/PATO_0000462	absent
http://purl.obolibrary.org/obo/XPO_0103695	absent perichondrium in the regenerating forelimb	http://purl.obolibrary.org/obo/XAO_0004049	perichondrium	http://purl.obolibrary.org/obo/XAO_0004106	regenerating forelimb	http://purl.obolibrary.org/obo/PATO_0000462	absent
http://purl.obolibrary.org/obo/XPO_0141520	absent skeletal muscle in the regenerating forelimb	http://purl.obolibrary.org/obo/XAO_0000174	skeletal muscle	http://purl.obolibrary.org/obo/XAO_0004106	regenerating forelimb	http://purl.obolibrary.org/obo/PATO_0000462	absent
http://purl.obolibrary.org/obo/XPO_0141522	absent tarsus in the regenerating hindlimb	http://purl.obolibrary.org/obo/XAO_0003211	tarsus	http://purl.obolibrary.org/obo/XAO_0004107	regenerating hindlimb	http://purl.obolibrary.org/obo/PATO_0000462	absent
http://purl.obolibrary.org/obo/XPO_0141523	absent tibia-fibula in the regenerating hindlimb	http://purl.obolibrary.org/obo/XAO_0003213	tibia-fibula	http://purl.obolibrary.org/obo/XAO_0004107	regenerating hindlimb	http://purl.obolibrary.org/obo/PATO_0000462	absent
http://purl.obolibrary.org/obo/XPO_0141527	absent wound epidermis in the regenerating hindlimb	http://purl.obolibrary.org/obo/XAO_0004397	wound epidermis	http://purl.obolibrary.org/obo/XAO_0004107	regenerating hindlimb	http://purl.obolibrary.org/obo/PATO_0000462	absent
http://purl.obolibrary.org/obo/XPO_0141518	bifurcated blood vessel in regenerating hindlimb	http://purl.obolibrary.org/obo/XAO_0001011	blood vessel	http://purl.obolibrary.org/obo/XAO_0004107	regenerating hindlimb	http://purl.obolibrary.org/obo/PATO_0001784	bifurcated
http://purl.obolibrary.org/obo/XPO_0141519	bifurcated tarsus in regenerating hindlimb	http://purl.obolibrary.org/obo/XAO_0003211	tarsus	http://purl.obolibrary.org/obo/XAO_0004107	regenerating hindlimb	http://purl.obolibrary.org/obo/PATO_0001784	bifurcated
http://purl.obolibrary.org/obo/XPO_0103814	decreased length of axon in retinal ganglion cell	http://purl.obolibrary.org/obo/XAO_0005015	axon	http://purl.obolibrary.org/obo/XAO_0004100	retinal ganglion cell	http://purl.obolibrary.org/obo/PATO_0000574	decreased length
http://purl.obolibrary.org/obo/XPO_0103815	decreased length of cilium in gastrocoel roof plate	http://purl.obolibrary.org/obo/XAO_0005008	cilium	http://purl.obolibrary.org/obo/XAO_0000094	gastrocoel roof plate	http://purl.obolibrary.org/obo/PATO_0000574	decreased length
http://purl.obolibrary.org/obo/XPO_0141583	decreased length of femur in regenerating hindlimb	http://purl.obolibrary.org/obo/XAO_0003214	femur	http://purl.obolibrary.org/obo/XAO_0004107	regenerating hindlimb	http://purl.obolibrary.org/obo/PATO_0000574	decreased length
http://purl.obolibrary.org/obo/XPO_0103821	decreased length of forelimb digit 2 in regenerating forelimb	http://purl.obolibrary.org/obo/XAO_0004478	forelimb digit 2	http://purl.obolibrary.org/obo/XAO_0004106	regenerating forelimb	http://purl.obolibrary.org/obo/PATO_0000574	decreased length
http://purl.obolibrary.org/obo/XPO_0103822	decreased length of forelimb digit 3 in regenerating forelimb	http://purl.obolibrary.org/obo/XAO_0004479	forelimb digit 3	http://purl.obolibrary.org/obo/XAO_0004106	regenerating forelimb	http://purl.obolibrary.org/obo/PATO_0000574	decreased length
http://purl.obolibrary.org/obo/XPO_0103823	decreased length of forelimb digit 4 in regenerating forelimb	http://purl.obolibrary.org/obo/XAO_0004480	forelimb digit 4	http://purl.obolibrary.org/obo/XAO_0004106	regenerating forelimb	http://purl.obolibrary.org/obo/PATO_0000574	decreased length
http://purl.obolibrary.org/obo/XPO_0103824	decreased length of forelimb digit 5 in regenerating forelimb	http://purl.obolibrary.org/obo/XAO_0004481	forelimb digit 5	http://purl.obolibrary.org/obo/XAO_0004106	regenerating forelimb	http://purl.obolibrary.org/obo/PATO_0000574	decreased length
http://purl.obolibrary.org/obo/XPO_0103816	decreased length of hindlimb digit 1 in regenerating hindlimb	http://purl.obolibrary.org/obo/XAO_0004239	hindlimb digit 1	http://purl.obolibrary.org/obo/XAO_0004107	regenerating hindlimb	http://purl.obolibrary.org/obo/PATO_0000574	decreased length
http://purl.obolibrary.org/obo/XPO_0103817	decreased length of hindlimb digit 2 in regenerating hindlimb	http://purl.obolibrary.org/obo/XAO_0004412	hindlimb digit 2	http://purl.obolibrary.org/obo/XAO_0004107	regenerating hindlimb	http://purl.obolibrary.org/obo/PATO_0000574	decreased length
http://purl.obolibrary.org/obo/XPO_0103818	decreased length of hindlimb digit 3 in regenerating hindlimb	http://purl.obolibrary.org/obo/XAO_0004413	hindlimb digit 3	http://purl.obolibrary.org/obo/XAO_0004107	regenerating hindlimb	http://purl.obolibrary.org/obo/PATO_0000574	decreased length
http://purl.obolibrary.org/obo/XPO_0103819	decreased length of hindlimb digit 4 in regenerating hindlimb	http://purl.obolibrary.org/obo/XAO_0004414	hindlimb digit 4	http://purl.obolibrary.org/obo/XAO_0004107	regenerating hindlimb	http://purl.obolibrary.org/obo/PATO_0000574	decreased length
http://purl.obolibrary.org/obo/XPO_0103820	decreased length of hindlimb digit 5 in regenerating hindlimb	http://purl.obolibrary.org/obo/XAO_0004415	hindlimb digit 5	http://purl.obolibrary.org/obo/XAO_0004107	regenerating hindlimb	http://purl.obolibrary.org/obo/PATO_0000574	decreased length
http://purl.obolibrary.org/obo/XPO_0141512	decreased length of hindlimb digit in regenerating tissue	http://purl.obolibrary.org/obo/XAO_0003035	hindlimb digit	http://purl.obolibrary.org/obo/XAO_0004059	regenerating tissue	http://purl.obolibrary.org/obo/PATO_0000574	decreased length
http://purl.obolibrary.org/obo/XPO_0141584	decreased length of neuron in regenerating tail	http://purl.obolibrary.org/obo/XAO_0003023	neuron	http://purl.obolibrary.org/obo/XAO_0004108	regenerating tail	http://purl.obolibrary.org/obo/PATO_0000574	decreased length
http://purl.obolibrary.org/obo/XPO_0141581	decreased length of tarsus in regenerating hindlimb	http://purl.obolibrary.org/obo/XAO_0003211	tarsus	http://purl.obolibrary.org/obo/XAO_0004107	regenerating hindlimb	http://purl.obolibrary.org/obo/PATO_0000574	decreased length
http://purl.obolibrary.org/obo/XPO_0141582	decreased length of tibia-fibula in regenerating hindlimb	http://purl.obolibrary.org/obo/XAO_0003213	tibia-fibula	http://purl.obolibrary.org/obo/XAO_0004107	regenerating hindlimb	http://purl.obolibrary.org/obo/PATO_0000574	decreased length
http://purl.obolibrary.org/obo/XPO_0103780	decreased size of the bipolar neuron in the retinal inner plexiform layer	http://purl.obolibrary.org/obo/XAO_0004098	bipolar neuron	http://purl.obolibrary.org/obo/XAO_0003225	retinal inner plexiform layer	http://purl.obolibrary.org/obo/PATO_0000587	decreased size
http://purl.obolibrary.org/obo/XPO_0103773	decreased size of the bone element in the forelimb	http://purl.obolibrary.org/obo/XAO_0004276	bone element	http://purl.obolibrary.org/obo/XAO_0003030	forelimb	http://purl.obolibrary.org/obo/PATO_0000587	decreased size
http://purl.obolibrary.org/obo/XPO_0103775	decreased size of the bone element in the hindlimb	http://purl.obolibrary.org/obo/XAO_0004276	bone element	http://purl.obolibrary.org/obo/XAO_0003031	hindlimb	http://purl.obolibrary.org/obo/PATO_0000587	decreased size
http://purl.obolibrary.org/obo/XPO_0131494	decreased size of the cilium in the alimentary system	http://purl.obolibrary.org/obo/XAO_0005008	cilium	http://purl.obolibrary.org/obo/XAO_0000125	alimentary system	http://purl.obolibrary.org/obo/PATO_0000587	decreased size
http://purl.obolibrary.org/obo/XPO_0131492	decreased size of the cilium in the auditory hair cell	http://purl.obolibrary.org/obo/XAO_0005008	cilium	http://purl.obolibrary.org/obo/XAO_0004130	auditory hair cell	http://purl.obolibrary.org/obo/PATO_0000587	decreased size
http://purl.obolibrary.org/obo/XPO_0131486	decreased size of the cilium in the brain	http://purl.obolibrary.org/obo/XAO_0005008	cilium	http://purl.obolibrary.org/obo/XAO_0000010	brain	http://purl.obolibrary.org/obo/PATO_0000587	decreased size
http://purl.obolibrary.org/obo/XPO_0133450	decreased size of the cilium in the ciliated epidermal cell	http://purl.obolibrary.org/obo/XAO_0005008	cilium	http://purl.obolibrary.org/obo/XAO_0000031	ciliated epidermal cell	http://purl.obolibrary.org/obo/PATO_0000587	decreased size
http://purl.obolibrary.org/obo/XPO_0133451	decreased size of the cilium in the ciliated non-epidermal cell	http://purl.obolibrary.org/obo/XAO_0005008	cilium	http://purl.obolibrary.org/obo/XAO_0004517	ciliated non-epidermal cell	http://purl.obolibrary.org/obo/PATO_0000587	decreased size
http://purl.obolibrary.org/obo/XPO_0131496	decreased size of the cilium in the esophagus	http://purl.obolibrary.org/obo/XAO_0005008	cilium	http://purl.obolibrary.org/obo/XAO_0000127	esophagus	http://purl.obolibrary.org/obo/PATO_0000587	decreased size
http://purl.obolibrary.org/obo/XPO_0131485	decreased size of the cilium in the floor plate	http://purl.obolibrary.org/obo/XAO_0005008	cilium	http://purl.obolibrary.org/obo/XAO_0000306	floor plate	http://purl.obolibrary.org/obo/PATO_0000587	decreased size
http://purl.obolibrary.org/obo/XPO_0131493	decreased size of the cilium in the lateral line	http://purl.obolibrary.org/obo/XAO_0005008	cilium	http://purl.obolibrary.org/obo/XAO_0004002	lateral line	http://purl.obolibrary.org/obo/PATO_0000587	decreased size
http://purl.obolibrary.org/obo/XPO_0131483	decreased size of the cilium in the left-right organizer	http://purl.obolibrary.org/obo/XAO_0005008	cilium	http://purl.obolibrary.org/obo/XAO_0005170	left-right organizer	http://purl.obolibrary.org/obo/PATO_0000587	decreased size
http://purl.obolibrary.org/obo/XPO_0133448	decreased size of the cilium in the monociliated cell	http://purl.obolibrary.org/obo/XAO_0005008	cilium	http://purl.obolibrary.org/obo/XAO_0005137	monociliated cell	http://purl.obolibrary.org/obo/PATO_0000587	decreased size
http://purl.obolibrary.org/obo/XPO_0133452	decreased size of the cilium in the monociliated epidermal cell	http://purl.obolibrary.org/obo/XAO_0005008	cilium	http://purl.obolibrary.org/obo/XAO_0005178	monociliated epidermal cell	http://purl.obolibrary.org/obo/PATO_0000587	decreased size
http://purl.obolibrary.org/obo/XPO_0131487	decreased size of the cilium in the mucociliary epithelium	http://purl.obolibrary.org/obo/XAO_0005008	cilium	http://purl.obolibrary.org/obo/XAO_0004393	mucociliary epithelium	http://purl.obolibrary.org/obo/PATO_0000587	decreased size
http://purl.obolibrary.org/obo/XPO_0133449	decreased size of the cilium in the multiciliated cell	http://purl.obolibrary.org/obo/XAO_0005008	cilium	http://purl.obolibrary.org/obo/XAO_0005139	multiciliated cell	http://purl.obolibrary.org/obo/PATO_0000587	decreased size
http://purl.obolibrary.org/obo/XPO_0133453	decreased size of the cilium in the multiciliated epidermal cell	http://purl.obolibrary.org/obo/XAO_0005008	cilium	http://purl.obolibrary.org/obo/XAO_0005179	multiciliated epidermal cell	http://purl.obolibrary.org/obo/PATO_0000587	decreased size
http://purl.obolibrary.org/obo/XPO_0131484	decreased size of the cilium in the neural progenitor cell	http://purl.obolibrary.org/obo/XAO_0005008	cilium	http://purl.obolibrary.org/obo/XAO_0005034	neural progenitor cell	http://purl.obolibrary.org/obo/PATO_0000587	decreased size
http://purl.obolibrary.org/obo/XPO_0131491	decreased size of the cilium in the olfactory pit	http://purl.obolibrary.org/obo/XAO_0005008	cilium	http://purl.obolibrary.org/obo/XAO_0000275	olfactory pit	http://purl.obolibrary.org/obo/PATO_0000587	decreased size
http://purl.obolibrary.org/obo/XPO_0131488	decreased size of the cilium in the pronephric kidney	http://purl.obolibrary.org/obo/XAO_0005008	cilium	http://purl.obolibrary.org/obo/XAO_0002000	pronephric kidney	http://purl.obolibrary.org/obo/PATO_0000587	decreased size
http://purl.obolibrary.org/obo/XPO_0131489	decreased size of the cilium in the pronephric nephrostome	http://purl.obolibrary.org/obo/XAO_0005008	cilium	http://purl.obolibrary.org/obo/XAO_0000062	pronephric nephrostome	http://purl.obolibrary.org/obo/PATO_0000587	decreased size
http://purl.obolibrary.org/obo/XPO_0131490	decreased size of the cilium in the proximal tubule	http://purl.obolibrary.org/obo/XAO_0005008	cilium	http://purl.obolibrary.org/obo/XAO_0004518	proximal tubule	http://purl.obolibrary.org/obo/PATO_0000587	decreased size
http://purl.obolibrary.org/obo/XPO_0131495	decreased size of the cilium in the stomach	http://purl.obolibrary.org/obo/XAO_0005008	cilium	http://purl.obolibrary.org/obo/XAO_0000128	stomach	http://purl.obolibrary.org/obo/PATO_0000587	decreased size
http://purl.obolibrary.org/obo/XPO_0103777	decreased size of the claw in the regenerating hindlimb	http://purl.obolibrary.org/obo/XAO_0003103	claw	http://purl.obolibrary.org/obo/XAO_0004107	regenerating hindlimb	http://purl.obolibrary.org/obo/PATO_0000587	decreased size
http://purl.obolibrary.org/obo/XPO_0103779	decreased size of the forelimb digit in the regenerating forelimb	http://purl.obolibrary.org/obo/XAO_0003036	forelimb digit	http://purl.obolibrary.org/obo/XAO_0004106	regenerating forelimb	http://purl.obolibrary.org/obo/PATO_0000587	decreased size
http://purl.obolibrary.org/obo/XPO_0103778	decreased size of the hindlimb digit in the regenerating hindlimb	http://purl.obolibrary.org/obo/XAO_0003035	hindlimb digit	http://purl.obolibrary.org/obo/XAO_0004107	regenerating hindlimb	http://purl.obolibrary.org/obo/PATO_0000587	decreased size
http://purl.obolibrary.org/obo/XPO_0103774	decreased size of the muscle in the forelimb	http://purl.obolibrary.org/obo/XAO_0000172	muscle	http://purl.obolibrary.org/obo/XAO_0003030	forelimb	http://purl.obolibrary.org/obo/PATO_0000587	decreased size
http://purl.obolibrary.org/obo/XPO_0103776	decreased size of the muscle in the hindlimb	http://purl.obolibrary.org/obo/XAO_0000172	muscle	http://purl.obolibrary.org/obo/XAO_0003031	hindlimb	http://purl.obolibrary.org/obo/PATO_0000587	decreased size
http://purl.obolibrary.org/obo/XPO_0130959	decreased size of the neuroectoderm in the head	http://purl.obolibrary.org/obo/XAO_0000042	neuroectoderm	http://purl.obolibrary.org/obo/XAO_0003024	head	http://purl.obolibrary.org/obo/PATO_0000587	decreased size
http://purl.obolibrary.org/obo/XPO_0141332	decreased size of the tarsus in the regenerating hindlimb	http://purl.obolibrary.org/obo/XAO_0003211	tarsus	http://purl.obolibrary.org/obo/XAO_0004107	regenerating hindlimb	http://purl.obolibrary.org/obo/PATO_0000587	decreased size
http://purl.obolibrary.org/obo/XPO_0103698	decreased width of the cartilage element in head	http://purl.obolibrary.org/obo/XAO_0004013	cartilage element	http://purl.obolibrary.org/obo/XAO_0003024	head	http://purl.obolibrary.org/obo/PATO_0000599	decreased width
http://purl.obolibrary.org/obo/XPO_0115777	duplicated apical ectodermal ridge in forelimb bud	http://purl.obolibrary.org/obo/XAO_0004121	apical ectodermal ridge	http://purl.obolibrary.org/obo/XAO_0003065	forelimb bud	http://purl.obolibrary.org/obo/PATO_0001473	duplicated
http://purl.obolibrary.org/obo/XPO_0115776	duplicated apical ectodermal ridge in hindlimb bud	http://purl.obolibrary.org/obo/XAO_0004121	apical ectodermal ridge	http://purl.obolibrary.org/obo/XAO_0003066	hindlimb bud	http://purl.obolibrary.org/obo/PATO_0001473	duplicated
http://purl.obolibrary.org/obo/XPO_0115778	duplicated autopod in regenerating hindlimb	http://purl.obolibrary.org/obo/XAO_0004265	autopod	http://purl.obolibrary.org/obo/XAO_0004107	regenerating hindlimb	http://purl.obolibrary.org/obo/PATO_0001473	duplicated
http://purl.obolibrary.org/obo/XPO_0115771	duplicated bone element in claw of hindlimb digit 1	http://purl.obolibrary.org/obo/XAO_0004276	bone element	http://purl.obolibrary.org/obo/XAO_0004417	claw of hindlimb digit 1	http://purl.obolibrary.org/obo/PATO_0001473	duplicated
http://purl.obolibrary.org/obo/XPO_0115772	duplicated bone element in claw of hindlimb digit 2	http://purl.obolibrary.org/obo/XAO_0004276	bone element	http://purl.obolibrary.org/obo/XAO_0004418	claw of hindlimb digit 2	http://purl.obolibrary.org/obo/PATO_0001473	duplicated
http://purl.obolibrary.org/obo/XPO_0115773	duplicated bone element in claw of hindlimb digit 3	http://purl.obolibrary.org/obo/XAO_0004276	bone element	http://purl.obolibrary.org/obo/XAO_0004419	claw of hindlimb digit 3	http://purl.obolibrary.org/obo/PATO_0001473	duplicated
http://purl.obolibrary.org/obo/XPO_0115774	duplicated bone element in claw of hindlimb digit 4	http://purl.obolibrary.org/obo/XAO_0004276	bone element	http://purl.obolibrary.org/obo/XAO_0004420	claw of hindlimb digit 4	http://purl.obolibrary.org/obo/PATO_0001473	duplicated
http://purl.obolibrary.org/obo/XPO_0115775	duplicated bone element in claw of hindlimb digit 5	http://purl.obolibrary.org/obo/XAO_0004276	bone element	http://purl.obolibrary.org/obo/XAO_0004421	claw of hindlimb digit 5	http://purl.obolibrary.org/obo/PATO_0001473	duplicated
http://purl.obolibrary.org/obo/XPO_0115780	duplicated femur in regenerating hindlimb	http://purl.obolibrary.org/obo/XAO_0003214	femur	http://purl.obolibrary.org/obo/XAO_0004107	regenerating hindlimb	http://purl.obolibrary.org/obo/PATO_0001473	duplicated
http://purl.obolibrary.org/obo/XPO_0115786	duplicated forelimb digit 2 in regenerating forelimb	http://purl.obolibrary.org/obo/XAO_0004478	forelimb digit 2	http://purl.obolibrary.org/obo/XAO_0004106	regenerating forelimb	http://purl.obolibrary.org/obo/PATO_0001473	duplicated
http://purl.obolibrary.org/obo/XPO_0115787	duplicated forelimb digit 3 in regenerating forelimb	http://purl.obolibrary.org/obo/XAO_0004479	forelimb digit 3	http://purl.obolibrary.org/obo/XAO_0004106	regenerating forelimb	http://purl.obolibrary.org/obo/PATO_0001473	duplicated
http://purl.obolibrary.org/obo/XPO_0115788	duplicated forelimb digit 4 in regenerating forelimb	http://purl.obolibrary.org/obo/XAO_0004480	forelimb digit 4	http://purl.obolibrary.org/obo/XAO_0004106	regenerating forelimb	http://purl.obolibrary.org/obo/PATO_0001473	duplicated
http://purl.obolibrary.org/obo/XPO_0115789	duplicated forelimb digit 5 in regenerating forelimb	http://purl.obolibrary.org/obo/XAO_0004481	forelimb digit 5	http://purl.obolibrary.org/obo/XAO_0004106	regenerating forelimb	http://purl.obolibrary.org/obo/PATO_0001473	duplicated
http://purl.obolibrary.org/obo/XPO_0115781	duplicated hindlimb digit 1 in regenerating hindlimb	http://purl.obolibrary.org/obo/XAO_0004239	hindlimb digit 1	http://purl.obolibrary.org/obo/XAO_0004107	regenerating hindlimb	http://purl.obolibrary.org/obo/PATO_0001473	duplicated
http://purl.obolibrary.org/obo/XPO_0115782	duplicated hindlimb digit 2 in regenerating hindlimb	http://purl.obolibrary.org/obo/XAO_0004412	hindlimb digit 2	http://purl.obolibrary.org/obo/XAO_0004107	regenerating hindlimb	http://purl.obolibrary.org/obo/PATO_0001473	duplicated
http://purl.obolibrary.org/obo/XPO_0115783	duplicated hindlimb digit 3 in regenerating hindlimb	http://purl.obolibrary.org/obo/XAO_0004413	hindlimb digit 3	http://purl.obolibrary.org/obo/XAO_0004107	regenerating hindlimb	http://purl.obolibrary.org/obo/PATO_0001473	duplicated
http://purl.obolibrary.org/obo/XPO_0115784	duplicated hindlimb digit 4 in regenerating hindlimb	http://purl.obolibrary.org/obo/XAO_0004414	hindlimb digit 4	http://purl.obolibrary.org/obo/XAO_0004107	regenerating hindlimb	http://purl.obolibrary.org/obo/PATO_0001473	duplicated
http://purl.obolibrary.org/obo/XPO_0115785	duplicated hindlimb digit 5 in regenerating hindlimb	http://purl.obolibrary.org/obo/XAO_0004415	hindlimb digit 5	http://purl.obolibrary.org/obo/XAO_0004107	regenerating hindlimb	http://purl.obolibrary.org/obo/PATO_0001473	duplicated
http://purl.obolibrary.org/obo/XPO_0115779	duplicated hindlimb digit in regenerating hindlimb	http://purl.obolibrary.org/obo/XAO_0003035	hindlimb digit	http://purl.obolibrary.org/obo/XAO_0004107	regenerating hindlimb	http://purl.obolibrary.org/obo/PATO_0001473	duplicated
http://purl.obolibrary.org/obo/XPO_0115790	duplicated pelvic girdle in regenerating hindlimb	http://purl.obolibrary.org/obo/XAO_0003064	pelvic girdle	http://purl.obolibrary.org/obo/XAO_0004107	regenerating hindlimb	http://purl.obolibrary.org/obo/PATO_0001473	duplicated
http://purl.obolibrary.org/obo/XPO_0115791	duplicated tarsus in regenerating hindlimb	http://purl.obolibrary.org/obo/XAO_0003211	tarsus	http://purl.obolibrary.org/obo/XAO_0004107	regenerating hindlimb	http://purl.obolibrary.org/obo/PATO_0001473	duplicated
http://purl.obolibrary.org/obo/XPO_0115792	duplicated tibia-fibula in regenerating hindlimb	http://purl.obolibrary.org/obo/XAO_0003213	tibia-fibula	http://purl.obolibrary.org/obo/XAO_0004107	regenerating hindlimb	http://purl.obolibrary.org/obo/PATO_0001473	duplicated
http://purl.obolibrary.org/obo/XPO_0115793	duplicated zeugopod in regenerating hindlimb	http://purl.obolibrary.org/obo/XAO_0004264	zeugopod	http://purl.obolibrary.org/obo/XAO_0004107	regenerating hindlimb	http://purl.obolibrary.org/obo/PATO_0001473	duplicated
http://purl.obolibrary.org/obo/XPO_0103608	increased size of the cell in cranial neural crest	http://purl.obolibrary.org/obo/XAO_0003012	cell	http://purl.obolibrary.org/obo/XAO_0001001	cranial neural crest	http://purl.obolibrary.org/obo/PATO_0000586	increased size
http://purl.obolibrary.org/obo/XPO_0131465	increased size of the cilium in alimentary system	http://purl.obolibrary.org/obo/XAO_0005008	cilium	http://purl.obolibrary.org/obo/XAO_0000125	alimentary system	http://purl.obolibrary.org/obo/PATO_0000586	increased size
http://purl.obolibrary.org/obo/XPO_0131463	increased size of the cilium in auditory hair cell	http://purl.obolibrary.org/obo/XAO_0005008	cilium	http://purl.obolibrary.org/obo/XAO_0004130	auditory hair cell	http://purl.obolibrary.org/obo/PATO_0000586	increased size
http://purl.obolibrary.org/obo/XPO_0131457	increased size of the cilium in brain	http://purl.obolibrary.org/obo/XAO_0005008	cilium	http://purl.obolibrary.org/obo/XAO_0000010	brain	http://purl.obolibrary.org/obo/PATO_0000586	increased size
http://purl.obolibrary.org/obo/XPO_0133484	increased size of the cilium in ciliated epidermal cell	http://purl.obolibrary.org/obo/XAO_0005008	cilium	http://purl.obolibrary.org/obo/XAO_0000031	ciliated epidermal cell	http://purl.obolibrary.org/obo/PATO_0000586	increased size
http://purl.obolibrary.org/obo/XPO_0133485	increased size of the cilium in ciliated non-epidermal cell	http://purl.obolibrary.org/obo/XAO_0005008	cilium	http://purl.obolibrary.org/obo/XAO_0004517	ciliated non-epidermal cell	http://purl.obolibrary.org/obo/PATO_0000586	increased size
http://purl.obolibrary.org/obo/XPO_0131467	increased size of the cilium in esophagus	http://purl.obolibrary.org/obo/XAO_0005008	cilium	http://purl.obolibrary.org/obo/XAO_0000127	esophagus	http://purl.obolibrary.org/obo/PATO_0000586	increased size
http://purl.obolibrary.org/obo/XPO_0131456	increased size of the cilium in floor plate	http://purl.obolibrary.org/obo/XAO_0005008	cilium	http://purl.obolibrary.org/obo/XAO_0000306	floor plate	http://purl.obolibrary.org/obo/PATO_0000586	increased size
http://purl.obolibrary.org/obo/XPO_0131464	increased size of the cilium in lateral line	http://purl.obolibrary.org/obo/XAO_0005008	cilium	http://purl.obolibrary.org/obo/XAO_0004002	lateral line	http://purl.obolibrary.org/obo/PATO_0000586	increased size
http://purl.obolibrary.org/obo/XPO_0131454	increased size of the cilium in left-right organizer	http://purl.obolibrary.org/obo/XAO_0005008	cilium	http://purl.obolibrary.org/obo/XAO_0005170	left-right organizer	http://purl.obolibrary.org/obo/PATO_0000586	increased size
http://purl.obolibrary.org/obo/XPO_0133482	increased size of the cilium in monociliated cell	http://purl.obolibrary.org/obo/XAO_0005008	cilium	http://purl.obolibrary.org/obo/XAO_0005137	monociliated cell	http://purl.obolibrary.org/obo/PATO_0000586	increased size
http://purl.obolibrary.org/obo/XPO_0133486	increased size of the cilium in monociliated epidermal cell	http://purl.obolibrary.org/obo/XAO_0005008	cilium	http://purl.obolibrary.org/obo/XAO_0005178	monociliated epidermal cell	http://purl.obolibrary.org/obo/PATO_0000586	increased size
http://purl.obolibrary.org/obo/XPO_0131458	increased size of the cilium in mucociliary epithelium	http://purl.obolibrary.org/obo/XAO_0005008	cilium	http://purl.obolibrary.org/obo/XAO_0004393	mucociliary epithelium	http://purl.obolibrary.org/obo/PATO_0000586	increased size
http://purl.obolibrary.org/obo/XPO_0133483	increased size of the cilium in multiciliated cell	http://purl.obolibrary.org/obo/XAO_0005008	cilium	http://purl.obolibrary.org/obo/XAO_0005139	multiciliated cell	http://purl.obolibrary.org/obo/PATO_0000586	increased size
http://purl.obolibrary.org/obo/XPO_0133487	increased size of the cilium in multiciliated epidermal cell	http://purl.obolibrary.org/obo/XAO_0005008	cilium	http://purl.obolibrary.org/obo/XAO_0005179	multiciliated epidermal cell	http://purl.obolibrary.org/obo/PATO_0000586	increased size
http://purl.obolibrary.org/obo/XPO_0131455	increased size of the cilium in neural progenitor cell	http://purl.obolibrary.org/obo/XAO_0005008	cilium	http://purl.obolibrary.org/obo/XAO_0005034	neural progenitor cell	http://purl.obolibrary.org/obo/PATO_0000586	increased size
http://purl.obolibrary.org/obo/XPO_0131462	increased size of the cilium in olfactory pit	http://purl.obolibrary.org/obo/XAO_0005008	cilium	http://purl.obolibrary.org/obo/XAO_0000275	olfactory pit	http://purl.obolibrary.org/obo/PATO_0000586	increased size
http://purl.obolibrary.org/obo/XPO_0131459	increased size of the cilium in pronephric kidney	http://purl.obolibrary.org/obo/XAO_0005008	cilium	http://purl.obolibrary.org/obo/XAO_0002000	pronephric kidney	http://purl.obolibrary.org/obo/PATO_0000586	increased size
http://purl.obolibrary.org/obo/XPO_0131460	increased size of the cilium in pronephric nephrostome	http://purl.obolibrary.org/obo/XAO_0005008	cilium	http://purl.obolibrary.org/obo/XAO_0000062	pronephric nephrostome	http://purl.obolibrary.org/obo/PATO_0000586	increased size
http://purl.obolibrary.org/obo/XPO_0131461	increased size of the cilium in proximal tubule	http://purl.obolibrary.org/obo/XAO_0005008	cilium	http://purl.obolibrary.org/obo/XAO_0004518	proximal tubule	http://purl.obolibrary.org/obo/PATO_0000586	increased size
http://purl.obolibrary.org/obo/XPO_0131466	increased size of the cilium in stomach	http://purl.obolibrary.org/obo/XAO_0005008	cilium	http://purl.obolibrary.org/obo/XAO_0000128	stomach	http://purl.obolibrary.org/obo/PATO_0000586	increased size
http://purl.obolibrary.org/obo/XPO_0141319	increased size of the foot in regenerating hindlimb	http://purl.obolibrary.org/obo/XAO_0004300	foot	http://purl.obolibrary.org/obo/XAO_0004107	regenerating hindlimb	http://purl.obolibrary.org/obo/PATO_0000586	increased size
http://purl.obolibrary.org/obo/XPO_0141318	increased size of the hand in regenerating forelimb	http://purl.obolibrary.org/obo/XAO_0004299	hand	http://purl.obolibrary.org/obo/XAO_0004106	regenerating forelimb	http://purl.obolibrary.org/obo/PATO_0000586	increased size
http://purl.obolibrary.org/obo/XPO_0103605	increased size of the iridophore in epidermis	http://purl.obolibrary.org/obo/XAO_0000472	iridophore	http://purl.obolibrary.org/obo/XAO_0000028	epidermis	http://purl.obolibrary.org/obo/PATO_0000586	increased size
http://purl.obolibrary.org/obo/XPO_0130962	increased size of the mesoderm in trunk	http://purl.obolibrary.org/obo/XAO_0000050	mesoderm	http://purl.obolibrary.org/obo/XAO_0003025	trunk	http://purl.obolibrary.org/obo/PATO_0000586	increased size
http://purl.obolibrary.org/obo/XPO_0130963	increased size of the neuroectoderm in head	http://purl.obolibrary.org/obo/XAO_0000042	neuroectoderm	http://purl.obolibrary.org/obo/XAO_0003024	head	http://purl.obolibrary.org/obo/PATO_0000586	increased size
http://purl.obolibrary.org/obo/XPO_0103607	increased size of the spike in regenerating hindlimb	http://purl.obolibrary.org/obo/XAO_0004489	spike	http://purl.obolibrary.org/obo/XAO_0004107	regenerating hindlimb	http://purl.obolibrary.org/obo/PATO_0000586	increased size
http://purl.obolibrary.org/obo/XPO_0103640	increased thickness of the epidermis in forelimb bud	http://purl.obolibrary.org/obo/XAO_0000028	epidermis	http://purl.obolibrary.org/obo/XAO_0003065	forelimb bud	http://purl.obolibrary.org/obo/PATO_0000591	increased thickness
http://purl.obolibrary.org/obo/XPO_0103639	increased thickness of the epidermis in hindlimb bud	http://purl.obolibrary.org/obo/XAO_0000028	epidermis	http://purl.obolibrary.org/obo/XAO_0003066	hindlimb bud	http://purl.obolibrary.org/obo/PATO_0000591	increased thickness
http://purl.obolibrary.org/obo/XPO_0141580	increased width of the spike in regenerating hindlimb	http://purl.obolibrary.org/obo/XAO_0004489	spike	http://purl.obolibrary.org/obo/XAO_0004107	regenerating hindlimb	http://purl.obolibrary.org/obo/PATO_0000600	increased width
http://purl.obolibrary.org/obo/XPO_0141540	inverted dorsal-ventral axis in hindlimb zeugopod	http://purl.obolibrary.org/obo/XAO_0005203	dorsal-ventral axis	http://purl.obolibrary.org/obo/XAO_0004298	hindlimb zeugopod	http://purl.obolibrary.org/obo/PATO_0000625	inverted
http://purl.obolibrary.org/obo/XPO_0141541	inverted joint region in hindlimb	http://purl.obolibrary.org/obo/XAO_0004313	joint region	http://purl.obolibrary.org/obo/XAO_0003031	hindlimb	http://purl.obolibrary.org/obo/PATO_0000625	inverted
http://purl.obolibrary.org/obo/XPO_0103403	obsolete increased number of multiciliated cell in the epidermis inner layer	http://purl.obolibrary.org/obo/XAO_0005139	multiciliated cell	http://purl.obolibrary.org/obo/XAO_0000041	epidermis inner layer	http://purl.obolibrary.org/obo/PATO_0000470	increased amount
http://purl.obolibrary.org/obo/XPO_0103651	obsolete increased number of multiciliated cell in the epidermis outer layer	http://purl.obolibrary.org/obo/XAO_0005139	multiciliated cell	http://purl.obolibrary.org/obo/XAO_0000029	epidermis outer layer	http://purl.obolibrary.org/obo/PATO_0001997	decreased amount
